"Step number","Step name","Elapsed Time (s)","Working Electrode (V)","Working Electrode vs. NHE (V)","Current (mA)","Current Density (mA/cm²)","Cumulative Charge (mAh)","Counter Electrode (V)"
2_1,Cyclic Voltammetry,799.764,1.00022,1.00022,-0.104392,0,-0.0231914,3.54052e-05
2_1,Cyclic Voltammetry,800.76,1.0022,1.0022,-0.0869876,0,-0.0232178,-4.98295e-05
2_1,Cyclic Voltammetry,801.755,1.00426,1.00426,-0.0768216,0,-0.0232405,-0.000134826
2_1,Cyclic Voltammetry,802.751,1.00627,1.00627,-0.0701619,0,-0.0232608,-0.000141621
2_1,Cyclic Voltammetry,803.746,1.00822,1.00822,-0.0647459,0,-0.0232794,-8.89301e-05
2_1,Cyclic Voltammetry,804.742,1.01013,1.01013,-0.0602067,0,-0.0232967,-6.77109e-05
2_1,Cyclic Voltammetry,805.737,1.01212,1.01212,-0.056818,0,-0.0233129,-4.45843e-05
2_1,Cyclic Voltammetry,806.732,1.0142,1.0142,-0.0538118,0,-0.0233282,-0.000111222
2_1,Cyclic Voltammetry,807.728,1.01624,1.01624,-0.05139,0,-0.0233427,-0.00024128
2_1,Cyclic Voltammetry,808.723,1.01814,1.01814,-0.049057,0,-0.0233566,-0.000167489
2_1,Cyclic Voltammetry,809.719,1.02001,1.02001,-0.0472051,0,-0.0233699,-4.60148e-05
2_1,Cyclic Voltammetry,810.714,1.02203,1.02203,-0.0455888,0,-0.0233828,-1.54972e-06
2_1,Cyclic Voltammetry,811.709,1.02408,1.02408,-0.0440529,0,-0.0233951,-0.000168562
2_1,Cyclic Voltammetry,812.705,1.02609,1.02609,-0.0426979,0,-0.0234071,-0.00013423
2_1,Cyclic Voltammetry,813.7,1.02806,1.02806,-0.0414891,0,-0.0234188,-6.18696e-05
2_1,Cyclic Voltammetry,814.696,1.02998,1.02998,-0.0403321,0,-0.0234301,-1.00136e-05
2_1,Cyclic Voltammetry,815.691,1.03198,1.03198,-0.0393492,0,-0.0234411,-6.92606e-05
2_1,Cyclic Voltammetry,816.686,1.03406,1.03406,-0.0384136,0,-0.0234519,-0.000101447
2_1,Cyclic Voltammetry,817.682,1.03607,1.03607,-0.0375535,0,-0.0234624,-0.000103116
2_1,Cyclic Voltammetry,818.677,1.03803,1.03803,-0.0367052,0,-0.0234726,-0.000112534
2_1,Cyclic Voltammetry,819.673,1.03996,1.03996,-0.0359548,0,-0.0234827,-7.73668e-05
2_1,Cyclic Voltammetry,820.668,1.04192,1.04192,-0.0353054,0,-0.0234925,1.91927e-05
2_1,Cyclic Voltammetry,821.663,1.04398,1.04398,-0.0346027,0,-0.0235022,-2.44379e-05
2_1,Cyclic Voltammetry,822.659,1.04601,1.04601,-0.0340175,0,-0.0235117,-0.000149369
2_1,Cyclic Voltammetry,823.654,1.04796,1.04796,-0.0336969,0,-0.023521,-6.8903e-05
2_1,Cyclic Voltammetry,824.65,1.04987,1.04987,-0.0330529,0,-0.0235303,3.17097e-05
2_1,Cyclic Voltammetry,825.645,1.05188,1.05188,-0.032461,0,-0.0235393,3.61204e-05
2_1,Cyclic Voltammetry,826.64,1.05391,1.05391,-0.031915,0,-0.0235482,-7.33137e-05
2_1,Cyclic Voltammetry,827.636,1.05596,1.05596,-0.0314442,0,-0.023557,-9.03606e-05
2_1,Cyclic Voltammetry,828.631,1.0579,1.0579,-0.0309879,0,-0.0235656,-8.2612e-05
2_1,Cyclic Voltammetry,829.627,1.05983,1.05983,-0.0305706,0,-0.0235741,-2.19345e-05
2_1,Cyclic Voltammetry,830.622,1.06183,1.06183,-0.0301021,0,-0.0235825,1.50204e-05
2_1,Cyclic Voltammetry,831.617,1.06389,1.06389,-0.0297385,0,-0.0235908,-1.83582e-05
2_1,Cyclic Voltammetry,832.613,1.06594,1.06594,-0.0293545,0,-0.023599,-9.05991e-05
2_1,Cyclic Voltammetry,833.608,1.06787,1.06787,-0.0289691,0,-0.023607,-0.000104308
2_1,Cyclic Voltammetry,834.604,1.06979,1.06979,-0.0285609,0,-0.023615,-3.86238e-05
2_1,Cyclic Voltammetry,835.599,1.07178,1.07178,-0.0281619,0,-0.0236228,-1.19209e-05
2_1,Cyclic Voltammetry,836.594,1.07385,1.07385,-0.0278595,0,-0.0236306,-8.24928e-05
2_1,Cyclic Voltammetry,837.59,1.07588,1.07588,-0.0274388,0,-0.0236382,-0.000152349
2_1,Cyclic Voltammetry,838.585,1.07782,1.07782,-0.0270922,0,-0.0236457,-5.50747e-05
2_1,Cyclic Voltammetry,839.581,1.07973,1.07973,-0.026773,0,-0.0236532,-4.88758e-05
2_1,Cyclic Voltammetry,840.576,1.08176,1.08176,-0.0264309,0,-0.0236605,-1.88351e-05
2_1,Cyclic Voltammetry,841.571,1.08382,1.08382,-0.0260954,0,-0.0236678,-4.12464e-05
2_1,Cyclic Voltammetry,842.567,1.08586,1.08586,-0.0258302,0,-0.023675,-0.00010705
2_1,Cyclic Voltammetry,843.562,1.08778,1.08778,-0.0254601,0,-0.0236821,-0.000123978
2_1,Cyclic Voltammetry,844.558,1.08971,1.08971,-0.025115,0,-0.0236891,-8.33273e-05
2_1,Cyclic Voltammetry,845.553,1.09176,1.09176,-0.0248159,0,-0.023696,3.40939e-05
2_1,Cyclic Voltammetry,846.548,1.0938,1.0938,-0.0244673,0,-0.0237028,-2.63453e-05
2_1,Cyclic Voltammetry,847.544,1.096,1.096,-0.0242018,0,-0.0237095,-0.000266314
2_1,Cyclic Voltammetry,848.539,1.09774,1.09774,-0.0238397,0,-0.0237162,-0.000187159
2_1,Cyclic Voltammetry,849.535,1.09968,1.09968,-0.0235084,0,-0.0237227,-4.44651e-05
2_1,Cyclic Voltammetry,850.53,1.10172,1.10172,-0.0232239,0,-0.0237292,-9.25064e-05
2_1,Cyclic Voltammetry,851.525,1.10376,1.10376,-0.022886,0,-0.0237355,-0.000160217
2_1,Cyclic Voltammetry,852.521,1.10578,1.10578,-0.0226216,0,-0.0237418,-0.000190973
2_1,Cyclic Voltammetry,853.516,1.1077,1.1077,-0.02231,0,-0.023748,-0.000160336
2_1,Cyclic Voltammetry,854.512,1.10965,1.10965,-0.0220049,0,-0.0237542,-0.000110865
2_1,Cyclic Voltammetry,855.507,1.11169,1.11169,-0.0217107,0,-0.0237602,-6.54459e-05
2_1,Cyclic Voltammetry,856.502,1.11377,1.11377,-0.0214247,0,-0.0237662,-9.01222e-05
2_1,Cyclic Voltammetry,857.498,1.11577,1.11577,-0.0211209,0,-0.0237721,-0.000128508
2_1,Cyclic Voltammetry,858.493,1.11768,1.11768,-0.0208176,0,-0.0237779,-0.000188589
2_1,Cyclic Voltammetry,859.489,1.11966,1.11966,-0.0205256,0,-0.0237836,-6.59227e-05
2_1,Cyclic Voltammetry,860.484,1.12169,1.12169,-0.020267,0,-0.0237892,7.03335e-06
2_1,Cyclic Voltammetry,861.479,1.12377,1.12377,-0.0199586,0,-0.0237948,-9.59635e-05
2_1,Cyclic Voltammetry,862.475,1.12574,1.12574,-0.0196557,0,-0.0238002,-0.000185251
2_1,Cyclic Voltammetry,863.47,1.12766,1.12766,-0.0193671,0,-0.0238056,-8.65459e-05
2_1,Cyclic Voltammetry,864.466,1.12964,1.12964,-0.0190893,0,-0.023811,-3.71933e-05
2_1,Cyclic Voltammetry,865.461,1.13169,1.13169,-0.018797,0,-0.0238162,-6.03199e-05
2_1,Cyclic Voltammetry,866.456,1.13377,1.13377,-0.0184983,0,-0.0238214,-0.000157237
2_1,Cyclic Voltammetry,867.452,1.13572,1.13572,-0.0182345,0,-0.0238264,-0.000153899
2_1,Cyclic Voltammetry,868.447,1.13762,1.13762,-0.0179564,0,-0.0238314,-7.03335e-05
2_1,Cyclic Voltammetry,869.443,1.13961,1.13961,-0.0176628,0,-0.0238364,-5.79357e-05
2_1,Cyclic Voltammetry,870.438,1.14168,1.14168,-0.0173946,0,-0.0238412,-4.50611e-05
2_1,Cyclic Voltammetry,871.433,1.14375,1.14375,-0.0170972,0,-0.023846,-6.11544e-05
2_1,Cyclic Voltammetry,872.429,1.14573,1.14573,-0.0167994,0,-0.0238507,-8.83341e-05
2_1,Cyclic Voltammetry,873.424,1.14765,1.14765,-0.0165294,0,-0.0238553,-0.000110745
2_1,Cyclic Voltammetry,874.42,1.14962,1.14962,-0.0162932,0,-0.0238598,-2.80142e-05
2_1,Cyclic Voltammetry,875.415,1.15172,1.15172,-0.0160103,0,-0.0238643,-1.07288e-06
2_1,Cyclic Voltammetry,876.41,1.15373,1.15373,-0.0157491,0,-0.0238687,-0.000136852
2_1,Cyclic Voltammetry,877.406,1.15566,1.15566,-0.0154685,0,-0.023873,-0.000166774
2_1,Cyclic Voltammetry,878.401,1.15758,1.15758,-0.0152023,0,-0.0238772,-8.83341e-05
2_1,Cyclic Voltammetry,879.397,1.15958,1.15958,-0.0149374,0,-0.0238814,-1.71661e-05
2_1,Cyclic Voltammetry,880.392,1.16167,1.16167,-0.0146814,0,-0.0238855,-4.8995e-05
2_1,Cyclic Voltammetry,881.387,1.16369,1.16369,-0.0143988,0,-0.0238895,-0.000113606
2_1,Cyclic Voltammetry,882.383,1.16561,1.16561,-0.014112,0,-0.0238934,-9.63211e-05
2_1,Cyclic Voltammetry,883.378,1.16753,1.16753,-0.0138584,0,-0.0238973,-7.67708e-05
2_1,Cyclic Voltammetry,884.374,1.16957,1.16957,-0.0136289,0,-0.0239011,-5.48363e-05
2_1,Cyclic Voltammetry,885.369,1.17163,1.17163,-0.0133877,0,-0.0239048,-8.22544e-06
2_1,Cyclic Voltammetry,886.364,1.17368,1.17368,-0.0131398,0,-0.0239085,-0.000121713
2_1,Cyclic Voltammetry,887.36,1.1756,1.1756,-0.0128821,0,-0.0239121,-0.000170708
2_1,Cyclic Voltammetry,888.355,1.17753,1.17753,-0.012623,0,-0.0239156,-7.59363e-05
2_1,Cyclic Voltammetry,889.351,1.17957,1.17957,-0.0123873,0,-0.0239191,1.49012e-05
2_1,Cyclic Voltammetry,890.346,1.18164,1.18164,-0.0121443,0,-0.0239225,1.52588e-05
2_1,Cyclic Voltammetry,891.341,1.18369,1.18369,-0.0119039,0,-0.0239258,-0.000103951
2_1,Cyclic Voltammetry,892.337,1.18561,1.18561,-0.0116775,0,-0.0239291,-0.000120401
2_1,Cyclic Voltammetry,893.332,1.18753,1.18753,-0.0114396,0,-0.0239323,-4.3869e-05
2_1,Cyclic Voltammetry,894.328,1.18946,1.18946,-0.0112862,0,-0.0239354,-8.10623e-06
2_1,Cyclic Voltammetry,895.323,1.19155,1.19155,-0.0110261,0,-0.0239385,-7.7486e-06
2_1,Cyclic Voltammetry,896.318,1.19354,1.19354,-0.0107869,0,-0.0239415,-3.99351e-05
2_1,Cyclic Voltammetry,897.314,1.19544,1.19544,-0.010549,0,-0.0239445,-5.37634e-05
2_1,Cyclic Voltammetry,898.309,1.19738,1.19738,-0.0103275,0,-0.0239473,-8.70228e-05
2_1,Cyclic Voltammetry,899.305,1.19943,1.19943,-0.0101106,0,-0.0239502,1.66893e-06
2_1,Cyclic Voltammetry,900.3,1.20149,1.20149,-0.00989374,0,-0.0239529,3.95775e-05
2_1,Cyclic Voltammetry,901.295,1.20349,1.20349,-0.00967237,0,-0.0239556,-0.000105143
2_1,Cyclic Voltammetry,902.291,1.20541,1.20541,-0.00941921,0,-0.0239583,-0.000112772
2_1,Cyclic Voltammetry,903.286,1.20734,1.20734,-0.0092041,0,-0.0239609,-3.21865e-06
2_1,Cyclic Voltammetry,904.282,1.20938,1.20938,-0.00898423,0,-0.0239634,4.05312e-05
2_1,Cyclic Voltammetry,905.277,1.21142,1.21142,-0.00873021,0,-0.0239658,-1.01328e-05
2_1,Cyclic Voltammetry,906.272,1.21342,1.21342,-0.00850185,0,-0.0239682,-4.72069e-05
2_1,Cyclic Voltammetry,907.268,1.21534,1.21534,-0.0082765,0,-0.0239705,-4.91142e-05
2_1,Cyclic Voltammetry,908.263,1.21729,1.21729,-0.00803217,0,-0.0239728,-8.2016e-05
2_1,Cyclic Voltammetry,909.259,1.21933,1.21933,-0.00780092,0,-0.023975,-8.57115e-05
2_1,Cyclic Voltammetry,910.254,1.22137,1.22137,-0.00757013,0,-0.0239771,7.15256e-06
2_1,Cyclic Voltammetry,911.249,1.22338,1.22338,-0.00737973,0,-0.0239792,-3.03984e-05
2_1,Cyclic Voltammetry,912.245,1.2253,1.2253,-0.00728057,0,-0.0239812,-0.000118017
2_1,Cyclic Voltammetry,913.24,1.22723,1.22723,-0.00706162,0,-0.0239832,-8.91685e-05
2_1,Cyclic Voltammetry,914.236,1.22925,1.22925,-0.00676398,0,-0.0239851,4.76837e-06
2_1,Cyclic Voltammetry,915.231,1.23129,1.23129,-0.00648854,0,-0.0239869,1.60933e-05
2_1,Cyclic Voltammetry,916.226,1.2333,1.2333,-0.00623862,0,-0.0239887,-0.00012362
2_1,Cyclic Voltammetry,917.222,1.23524,1.23524,-0.00599687,0,-0.0239904,-8.64267e-05
2_1,Cyclic Voltammetry,918.217,1.2372,1.2372,-0.00577453,0,-0.023992,-3.92199e-05
2_1,Cyclic Voltammetry,919.213,1.23923,1.23923,-0.00554742,0,-0.0239936,1.90735e-06
2_1,Cyclic Voltammetry,920.208,1.24128,1.24128,-0.00531438,0,-0.0239951,-1.65701e-05
2_1,Cyclic Voltammetry,921.203,1.24329,1.24329,-0.00509101,0,-0.0239965,-4.35114e-05
2_1,Cyclic Voltammetry,922.199,1.24519,1.24519,-0.00485525,0,-0.0239979,-7.4029e-05
2_1,Cyclic Voltammetry,923.194,1.24765,1.24765,-0.00457536,0,-0.0239992,-4.66108e-05
2_1,Cyclic Voltammetry,924.19,1.24916,1.24916,-0.00441014,0,-0.0240004,2.88486e-05
2_1,Cyclic Voltammetry,925.185,1.25191,1.25191,-0.00418124,0,-0.0240016,4.49419e-05
2_1,Cyclic Voltammetry,926.18,1.25325,1.25325,-0.00397741,0,-0.0240027,-1.81198e-05
2_1,Cyclic Voltammetry,927.176,1.25593,1.25593,-0.0039204,0,-0.0240038,-0.000125766
2_1,Cyclic Voltammetry,928.171,1.2571,1.2571,-0.00358494,0,-0.0240049,-8.64267e-05
2_1,Cyclic Voltammetry,929.167,1.2591,1.2591,-0.00336307,0,-0.0240058,3.70741e-05
2_1,Cyclic Voltammetry,930.162,1.26121,1.26121,-0.00318532,0,-0.0240067,-7.03335e-06
2_1,Cyclic Voltammetry,931.157,1.26317,1.26317,-0.00292535,0,-0.0240076,-5.126e-05
2_1,Cyclic Voltammetry,932.153,1.2653,1.2653,-0.00275629,0,-0.0240084,-1.58548e-05
2_1,Cyclic Voltammetry,933.148,1.26703,1.26703,-0.00252831,0,-0.0240091,-4.87566e-05
2_1,Cyclic Voltammetry,934.144,1.26953,1.26953,-0.00230376,0,-0.0240098,-4.55379e-05
2_1,Cyclic Voltammetry,935.139,1.27112,1.27112,-0.00210731,0,-0.0240104,1.07288e-05
2_1,Cyclic Voltammetry,936.134,1.27362,1.27362,-0.00185714,0,-0.0240109,-6.44922e-05
2_1,Cyclic Voltammetry,937.13,1.27504,1.27504,-0.00171222,0,-0.0240114,-0.000140429
2_1,Cyclic Voltammetry,938.125,1.27695,1.27695,-0.00154845,0,-0.0240119,-0.000165343
2_1,Cyclic Voltammetry,939.121,1.27901,1.27901,-0.00130105,0,-0.0240122,-6.59227e-05
2_1,Cyclic Voltammetry,940.116,1.28104,1.28104,-0.00109701,0,-0.0240126,2.03848e-05
2_1,Cyclic Voltammetry,941.111,1.28307,1.28307,-0.000916657,0,-0.0240129,-3.18289e-05
2_1,Cyclic Voltammetry,942.107,1.28543,1.28543,-0.000695405,0,-0.0240131,-6.85453e-05
2_1,Cyclic Voltammetry,943.102,1.28691,1.28691,-0.000516271,0,-0.0240132,-1.81198e-05
2_1,Cyclic Voltammetry,944.098,1.28963,1.28963,-0.000276592,0,-0.0240134,2.74181e-05
2_1,Cyclic Voltammetry,945.093,1.29101,1.29101,-0.000152007,0,-0.0240134,2.47955e-05
2_1,Cyclic Voltammetry,946.088,1.29381,1.29381,0.000149764,0,-0.0240134,-6.06775e-05
2_1,Cyclic Voltammetry,947.084,1.2949,1.2949,0.000235349,0,-0.0240134,-1.72853e-05
2_1,Cyclic Voltammetry,948.079,1.2977,1.2977,0.000218753,0,-0.0240133,-6.65188e-05
2_1,Cyclic Voltammetry,949.075,1.29889,1.29889,0.000640694,0,-0.0240132,2.26498e-05
2_1,Cyclic Voltammetry,950.07,1.30096,1.30096,0.000839568,0,-0.024013,0.000104308
2_1,Cyclic Voltammetry,951.065,1.30311,1.30311,0.0010505,0,-0.0240127,6.81877e-05
2_1,Cyclic Voltammetry,952.061,1.30482,1.30482,0.00126909,0,-0.0240124,-9.7394e-05
2_1,Cyclic Voltammetry,953.056,1.30711,1.30711,0.00149152,0,-0.024012,-2.40803e-05
2_1,Cyclic Voltammetry,954.052,1.30885,1.30885,0.0016428,0,-0.0240116,0.000106812
2_1,Cyclic Voltammetry,955.047,1.31136,1.31136,0.00187514,0,-0.0240111,5.90086e-05
2_1,Cyclic Voltammetry,956.042,1.31284,1.31284,0.00202516,0,-0.0240106,-4.673e-05
2_1,Cyclic Voltammetry,957.038,1.31541,1.31541,0.00223801,0,-0.02401,1.93119e-05
2_1,Cyclic Voltammetry,958.033,1.31675,1.31675,0.00239629,0,-0.0240093,2.74181e-05
2_1,Cyclic Voltammetry,960.024,1.32079,1.32079,0.00275037,0,-0.0240079,-4.93526e-05
2_1,Cyclic Voltammetry,961.019,1.32277,1.32277,0.00291081,0,-0.0240071,-1.71661e-05
2_1,Cyclic Voltammetry,962.015,1.32471,1.32471,0.00310781,0,-0.0240063,2.52724e-05
2_1,Cyclic Voltammetry,963.01,1.3267,1.3267,0.00329649,0,-0.0240054,-3.21865e-05
2_1,Cyclic Voltammetry,964.006,1.32869,1.32869,0.00348579,0,-0.0240045,-2.31266e-05
2_1,Cyclic Voltammetry,965.001,1.3307,1.3307,0.00368601,0,-0.0240035,4.69685e-05
2_1,Cyclic Voltammetry,965.996,1.3327,1.3327,0.00387501,0,-0.0240024,6.52075e-05
2_1,Cyclic Voltammetry,966.992,1.33464,1.33464,0.00406013,0,-0.0240013,-3.89814e-05
2_1,Cyclic Voltammetry,967.987,1.33665,1.33665,0.00424652,0,-0.0240002,-1.00136e-05
2_1,Cyclic Voltammetry,968.983,1.33863,1.33863,0.00441865,0,-0.023999,3.56436e-05
2_1,Cyclic Voltammetry,969.978,1.34062,1.34062,0.00459014,0,-0.0239977,5.57899e-05
2_1,Cyclic Voltammetry,970.973,1.34261,1.34261,0.00478601,0,-0.0239964,1.68085e-05
2_1,Cyclic Voltammetry,971.969,1.3446,1.3446,0.00495558,0,-0.0239951,2.67029e-05
2_1,Cyclic Voltammetry,972.964,1.3466,1.3466,0.00512963,0,-0.0239937,4.31538e-05
2_1,Cyclic Voltammetry,973.96,1.34854,1.34854,0.00529847,0,-0.0239923,1.40667e-05
2_1,Cyclic Voltammetry,974.955,1.35054,1.35054,0.00546904,0,-0.0239908,2.38419e-07
2_1,Cyclic Voltammetry,975.95,1.35252,1.35252,0.0056331,0,-0.0239892,8.88109e-05
2_1,Cyclic Voltammetry,976.946,1.35455,1.35455,0.00580688,0,-0.0239877,7.29561e-05
2_1,Cyclic Voltammetry,977.941,1.35653,1.35653,0.00595852,0,-0.023986,-4.1008e-05
2_1,Cyclic Voltammetry,978.937,1.35841,1.35841,0.00605224,0,-0.0239844,-4.42266e-05
2_1,Cyclic Voltammetry,979.932,1.36036,1.36036,0.00624455,0,-0.0239827,-2.83718e-05
2_1,Cyclic Voltammetry,980.927,1.36241,1.36241,0.00641131,0,-0.0239809,-1.16825e-05
2_1,Cyclic Voltammetry,981.923,1.36444,1.36444,0.00655492,0,-0.0239791,2.08616e-05
2_1,Cyclic Voltammetry,982.918,1.36643,1.36643,0.00669175,0,-0.0239773,8.70228e-06
2_1,Cyclic Voltammetry,983.914,1.36835,1.36835,0.00682327,0,-0.0239754,-7.76052e-05
2_1,Cyclic Voltammetry,984.909,1.37032,1.37032,0.00696727,0,-0.0239735,-6.03199e-05
2_1,Cyclic Voltammetry,985.904,1.37236,1.37236,0.0070964,0,-0.0239716,-8.34465e-07
2_1,Cyclic Voltammetry,986.9,1.37441,1.37441,0.00723857,0,-0.0239696,2.61068e-05
2_1,Cyclic Voltammetry,987.895,1.37634,1.37634,0.00736198,0,-0.0239676,-1.66893e-06
2_1,Cyclic Voltammetry,988.891,1.37824,1.37824,0.00753093,0,-0.0239655,-5.42402e-05
2_1,Cyclic Voltammetry,989.886,1.38029,1.38029,0.00768638,0,-0.0239634,-2.15769e-05
2_1,Cyclic Voltammetry,990.881,1.38233,1.38233,0.00780221,0,-0.0239613,2.86102e-05
2_1,Cyclic Voltammetry,991.877,1.38438,1.38438,0.00796345,0,-0.0239591,3.23057e-05
2_1,Cyclic Voltammetry,992.872,1.38631,1.38631,0.00807851,0,-0.0239569,1.16825e-05
2_1,Cyclic Voltammetry,993.868,1.38824,1.38824,0.00820103,0,-0.0239546,-1.90735e-05
2_1,Cyclic Voltammetry,994.863,1.39026,1.39026,0.00834143,0,-0.0239523,-5.8651e-05
2_1,Cyclic Voltammetry,995.858,1.39231,1.39231,0.00847117,0,-0.02395,5.60284e-06
2_1,Cyclic Voltammetry,996.854,1.39435,1.39435,0.0086195,0,-0.0239476,0.000126719
2_1,Cyclic Voltammetry,997.849,1.39629,1.39629,0.00876902,0,-0.0239452,8.45194e-05
2_1,Cyclic Voltammetry,998.845,1.39822,1.39822,0.00891016,0,-0.0239428,-0.00010097
2_1,Cyclic Voltammetry,999.84,1.40021,1.40021,0.00906528,0,-0.0239403,-2.59876e-05
2_1,Cyclic Voltammetry,1000.84,1.40229,1.40229,0.00920836,0,-0.0239378,4.673e-05
2_1,Cyclic Voltammetry,1001.83,1.4043,1.4043,0.00938801,0,-0.0239352,7.54595e-05
2_1,Cyclic Voltammetry,1002.83,1.40624,1.40624,0.00955344,0,-0.0239326,3.57628e-05
2_1,Cyclic Voltammetry,1003.82,1.40818,1.40818,0.0097314,0,-0.0239299,4.76837e-06
2_1,Cyclic Voltammetry,1004.82,1.41019,1.41019,0.00991413,0,-0.0239272,4.52995e-05
2_1,Cyclic Voltammetry,1005.81,1.41224,1.41224,0.010112,0,-0.0239244,-1.07288e-06
2_1,Cyclic Voltammetry,1006.81,1.41427,1.41427,0.0102981,0,-0.0239216,-9.29832e-06
2_1,Cyclic Voltammetry,1007.8,1.41621,1.41621,0.0105115,0,-0.0239187,5.126e-05
2_1,Cyclic Voltammetry,1008.8,1.41814,1.41814,0.0107159,0,-0.0239158,6.91414e-06
2_1,Cyclic Voltammetry,1009.79,1.42016,1.42016,0.0109509,0,-0.0239128,-0.000101328
2_1,Cyclic Voltammetry,1010.79,1.42219,1.42219,0.0112097,0,-0.0239098,-8.10623e-06
2_1,Cyclic Voltammetry,1011.78,1.42423,1.42423,0.0114587,0,-0.0239066,8.86917e-05
2_1,Cyclic Voltammetry,1012.78,1.42616,1.42616,0.011707,0,-0.0239034,3.6478e-05
2_1,Cyclic Voltammetry,1013.78,1.42807,1.42807,0.0120498,0,-0.0239001,-0.000106454
2_1,Cyclic Voltammetry,1014.77,1.43011,1.43011,0.0123515,0,-0.0238968,-4.91142e-05
2_1,Cyclic Voltammetry,1015.77,1.43215,1.43215,0.0126548,0,-0.0238933,2.30074e-05
2_1,Cyclic Voltammetry,1016.76,1.43415,1.43415,0.0130041,0,-0.0238898,7.45058e-05
2_1,Cyclic Voltammetry,1017.76,1.43611,1.43611,0.013402,0,-0.0238861,3.93391e-05
2_1,Cyclic Voltammetry,1018.75,1.43803,1.43803,0.0137707,0,-0.0238823,8.10623e-06
2_1,Cyclic Voltammetry,1019.75,1.44006,1.44006,0.0141708,0,-0.0238785,2.88486e-05
2_1,Cyclic Voltammetry,1020.74,1.44211,1.44211,0.0145832,0,-0.0238745,2.14577e-05
2_1,Cyclic Voltammetry,1021.74,1.44413,1.44413,0.0150231,0,-0.0238704,0.000119805
2_1,Cyclic Voltammetry,1022.73,1.4461,1.4461,0.015456,0,-0.0238662,0.000130534
2_1,Cyclic Voltammetry,1023.73,1.44803,1.44803,0.0158775,0,-0.0238619,2.37226e-05
2_1,Cyclic Voltammetry,1024.73,1.45003,1.45003,0.0163624,0,-0.0238574,-5.43594e-05
2_1,Cyclic Voltammetry,1025.72,1.45207,1.45207,0.0167891,0,-0.0238528,7.96318e-05
2_1,Cyclic Voltammetry,1026.72,1.45411,1.45411,0.0172603,0,-0.0238481,0.000162482
2_1,Cyclic Voltammetry,1027.71,1.45606,1.45606,0.0177322,0,-0.0238433,9.9659e-05
2_1,Cyclic Voltammetry,1028.71,1.45799,1.45799,0.018195,0,-0.0238383,2.24113e-05
2_1,Cyclic Voltammetry,1029.7,1.46001,1.46001,0.0186924,0,-0.0238332,9.05991e-06
2_1,Cyclic Voltammetry,1030.7,1.46205,1.46205,0.0191002,0,-0.023828,7.71284e-05
2_1,Cyclic Voltammetry,1031.69,1.4641,1.4641,0.0195868,0,-0.0238226,8.32081e-05
2_1,Cyclic Voltammetry,1032.69,1.46603,1.46603,0.0200124,0,-0.0238172,0.000110745
2_1,Cyclic Voltammetry,1033.68,1.46795,1.46795,0.0204801,0,-0.0238116,5.45979e-05
2_1,Cyclic Voltammetry,1034.68,1.46999,1.46999,0.0209216,0,-0.0238059,-3.24249e-05
2_1,Cyclic Voltammetry,1035.67,1.47205,1.47205,0.0213214,0,-0.0238,7.98702e-06
2_1,Cyclic Voltammetry,1036.67,1.4741,1.4741,0.0217469,0,-0.0237941,0.000109076
2_1,Cyclic Voltammetry,1037.67,1.47602,1.47602,0.0221526,0,-0.023788,0.000105381
2_1,Cyclic Voltammetry,1038.66,1.47863,1.47863,0.0226157,0,-0.0237818,-9.88245e-05
2_1,Cyclic Voltammetry,1039.66,1.47999,1.47999,0.0229464,0,-0.0237755,-0.000100017
2_1,Cyclic Voltammetry,1040.65,1.48206,1.48206,0.0233677,0,-0.0237691,-4.97103e-05
2_1,Cyclic Voltammetry,1041.65,1.48406,1.48406,0.0237677,0,-0.0237626,-5.60284e-06
2_1,Cyclic Voltammetry,1042.64,1.48597,1.48597,0.0241665,0,-0.023756,-1.89543e-05
2_1,Cyclic Voltammetry,1043.64,1.4879,1.4879,0.024468,0,-0.0237492,-5.13792e-05
2_1,Cyclic Voltammetry,1044.63,1.48993,1.48993,0.024934,0,-0.0237424,-4.70877e-05
2_1,Cyclic Voltammetry,1045.63,1.49202,1.49202,0.025325,0,-0.0237355,-8.64267e-05
2_1,Cyclic Voltammetry,1046.62,1.49401,1.49401,0.0257196,0,-0.0237284,4.1604e-05
2_1,Cyclic Voltammetry,1047.62,1.49592,1.49592,0.0261215,0,-0.0237212,9.09567e-05
2_1,Cyclic Voltammetry,1048.61,1.4979,1.4979,0.0265075,0,-0.023714,-5.38826e-05
2_1,Cyclic Voltammetry,1049.61,1.49993,1.49993,0.0269735,0,-0.0237066,-0.000125766
2_1,Cyclic Voltammetry,1050.61,1.50199,1.50199,0.0273496,0,-0.023699,-1.97887e-05
2_1,Cyclic Voltammetry,1051.6,1.50398,1.50398,0.0277508,0,-0.0236914,6.65188e-05
2_1,Cyclic Voltammetry,1052.6,1.5059,1.5059,0.028225,0,-0.0236837,7.27177e-06
2_1,Cyclic Voltammetry,1053.59,1.50788,1.50788,0.0286936,0,-0.0236758,-0.000105977
2_1,Cyclic Voltammetry,1054.59,1.50994,1.50994,0.0291818,0,-0.0236678,-7.33137e-05
2_1,Cyclic Voltammetry,1055.58,1.51198,1.51198,0.0296576,0,-0.0236597,4.24385e-05
2_1,Cyclic Voltammetry,1056.58,1.51399,1.51399,0.0301828,0,-0.0236514,-5.93662e-05
2_1,Cyclic Voltammetry,1057.57,1.51591,1.51591,0.0306998,0,-0.023643,-4.62532e-05
2_1,Cyclic Voltammetry,1058.57,1.51785,1.51785,0.0312466,0,-0.0236344,-5.88894e-05
2_1,Cyclic Voltammetry,1059.56,1.51988,1.51988,0.0318442,0,-0.0236257,-7.43866e-05
2_1,Cyclic Voltammetry,1060.56,1.52191,1.52191,0.0324357,0,-0.0236168,-0.000101089
2_1,Cyclic Voltammetry,1061.55,1.52393,1.52393,0.0331011,0,-0.0236078,-1.38283e-05
2_1,Cyclic Voltammetry,1062.55,1.52589,1.52589,0.0337542,0,-0.0235985,3.06368e-05
2_1,Cyclic Voltammetry,1063.55,1.52781,1.52781,0.0341597,0,-0.0235891,-4.56572e-05
2_1,Cyclic Voltammetry,1064.54,1.52977,1.52977,0.0349545,0,-0.0235796,-8.09431e-05
2_1,Cyclic Voltammetry,1065.54,1.53182,1.53182,0.035838,0,-0.0235698,-1.32322e-05
2_1,Cyclic Voltammetry,1066.53,1.5338,1.5338,0.0366822,0,-0.0235598,5.34058e-05
2_1,Cyclic Voltammetry,1067.53,1.53576,1.53576,0.0376198,0,-0.0235495,4.68493e-05
2_1,Cyclic Voltammetry,1068.52,1.53773,1.53773,0.0384326,0,-0.023539,-2.6226e-06
2_1,Cyclic Voltammetry,1069.52,1.53975,1.53975,0.039361,0,-0.0235282,1.28746e-05
2_1,Cyclic Voltammetry,1070.51,1.54177,1.54177,0.0404115,0,-0.0235172,4.3869e-05
2_1,Cyclic Voltammetry,1071.51,1.54378,1.54378,0.0414266,0,-0.0235059,5.06639e-05
2_1,Cyclic Voltammetry,1072.5,1.54572,1.54572,0.0425667,0,-0.0234943,0.0001055
2_1,Cyclic Voltammetry,1073.5,1.54766,1.54766,0.0438198,0,-0.0234823,6.74725e-05
2_1,Cyclic Voltammetry,1074.5,1.54968,1.54968,0.0452448,0,-0.02347,-2.87294e-05
2_1,Cyclic Voltammetry,1075.49,1.5517,1.5517,0.0467939,0,-0.0234573,-2.94447e-05
2_1,Cyclic Voltammetry,1076.49,1.55373,1.55373,0.0487132,0,-0.0234441,8.32081e-05
2_1,Cyclic Voltammetry,1077.48,1.55568,1.55568,0.050955,0,-0.0234303,7.82013e-05
2_1,Cyclic Voltammetry,1078.48,1.55762,1.55762,0.0538407,0,-0.0234158,4.94719e-05
2_1,Cyclic Voltammetry,1079.47,1.55964,1.55964,0.0575184,0,-0.0234004,4.12464e-05
2_1,Cyclic Voltammetry,1080.47,1.56167,1.56167,0.0623306,0,-0.0233839,5.26905e-05
2_1,Cyclic Voltammetry,1081.46,1.5637,1.5637,0.0682453,0,-0.0233658,6.60419e-05
2_1,Cyclic Voltammetry,1082.46,1.56565,1.56565,0.0750404,0,-0.023346,7.48634e-05
2_1,Cyclic Voltammetry,1083.45,1.56758,1.56758,0.0825049,0,-0.0233242,0.000106454
2_1,Cyclic Voltammetry,1084.45,1.56957,1.56957,0.0900527,0,-0.0233004,8.18968e-05
2_1,Cyclic Voltammetry,1085.44,1.57164,1.57164,0.0977198,0,-0.0232744,-3.57628e-05
2_1,Cyclic Voltammetry,1086.44,1.57366,1.57366,0.105411,0,-0.0232463,5.10216e-05
2_1,Cyclic Voltammetry,1087.44,1.5756,1.5756,0.112154,0,-0.0232162,0.000196457
2_1,Cyclic Voltammetry,1088.43,1.57751,1.57751,0.115554,0,-0.0231848,9.81092e-05
2_1,Cyclic Voltammetry,1089.43,1.57955,1.57955,0.116973,0,-0.0231526,-9.77516e-06
2_1,Cyclic Voltammetry,1090.42,1.58161,1.58161,0.117851,0,-0.0231201,5.07832e-05
2_1,Cyclic Voltammetry,1091.42,1.58362,1.58362,0.119293,0,-0.0230874,0.000166297
2_1,Cyclic Voltammetry,1092.41,1.58554,1.58554,0.121032,0,-0.0230541,0.00016129
2_1,Cyclic Voltammetry,1093.41,1.58746,1.58746,0.122702,0,-0.0230204,8.82149e-05
2_1,Cyclic Voltammetry,1094.4,1.58951,1.58951,0.124417,0,-0.0229863,4.64916e-05
2_1,Cyclic Voltammetry,1095.4,1.59155,1.59155,0.126575,0,-0.0229516,0.000108004
2_1,Cyclic Voltammetry,1096.39,1.59356,1.59356,0.12905,0,-0.0229162,0.000123382
2_1,Cyclic Voltammetry,1097.39,1.59546,1.59546,0.13199,0,-0.0228801,0.000180483
2_1,Cyclic Voltammetry,1098.38,1.59741,1.59741,0.135632,0,-0.0228431,0.000183582
2_1,Cyclic Voltammetry,1099.38,1.59944,1.59944,0.140358,0,-0.022805,0.000101686
2_1,Cyclic Voltammetry,1100.38,1.60151,1.60151,0.146349,0,-0.0227653,5.40018e-05
2_1,Cyclic Voltammetry,1101.37,1.60349,1.60349,0.154082,0,-0.0227238,0.000160336
2_1,Cyclic Voltammetry,1102.37,1.6054,1.6054,0.163613,0,-0.0226799,0.000219584
2_1,Cyclic Voltammetry,1103.36,1.60735,1.60735,0.174753,0,-0.0226331,0.000140667
2_1,Cyclic Voltammetry,1104.36,1.60939,1.60939,0.187453,0,-0.022583,7.59363e-05
2_1,Cyclic Voltammetry,1105.35,1.61145,1.61145,0.201416,0,-0.0225293,0.000113487
2_1,Cyclic Voltammetry,1106.35,1.61345,1.61345,0.216588,0,-0.0224715,0.00019908
2_1,Cyclic Voltammetry,1107.34,1.61537,1.61537,0.232737,0,-0.0224094,0.000162721
2_1,Cyclic Voltammetry,1108.34,1.6173,1.6173,0.249333,0,-0.0223427,0.000148058
2_1,Cyclic Voltammetry,1109.33,1.62002,1.62002,0.271385,0,-0.0222707,6.85453e-05
2_1,Cyclic Voltammetry,1110.33,1.62137,1.62137,0.284199,0,-0.0221939,2.61068e-05
2_1,Cyclic Voltammetry,1111.32,1.62339,1.62339,0.302183,0,-0.0221129,8.27312e-05
2_1,Cyclic Voltammetry,1112.32,1.62533,1.62533,0.320509,0,-0.0220268,0.000176907
2_1,Cyclic Voltammetry,1113.32,1.62725,1.62725,0.33929,0,-0.0219356,0.000159621
2_1,Cyclic Voltammetry,1114.31,1.62928,1.62928,0.358436,0,-0.0218391,2.57492e-05
2_1,Cyclic Voltammetry,1115.31,1.63132,1.63132,0.377937,0,-0.0217373,-3.57628e-06
2_1,Cyclic Voltammetry,1116.3,1.63332,1.63332,0.397824,0,-0.02163,0.000141501
2_1,Cyclic Voltammetry,1117.3,1.63526,1.63526,0.418021,0,-0.0215172,0.000135541
2_1,Cyclic Voltammetry,1118.29,1.6372,1.6372,0.438254,0,-0.0213989,7.33137e-05
2_1,Cyclic Voltammetry,1119.29,1.63922,1.63922,0.458729,0,-0.0212749,3.61204e-05
2_1,Cyclic Voltammetry,1120.28,1.64129,1.64129,0.478955,0,-0.0211452,1.94311e-05
2_1,Cyclic Voltammetry,1121.28,1.64327,1.64327,0.498903,0,-0.02101,8.21352e-05
2_1,Cyclic Voltammetry,1122.27,1.64519,1.64519,0.518173,0,-0.0208694,0.000118732
2_1,Cyclic Voltammetry,1123.27,1.64711,1.64711,0.536326,0,-0.0207236,0.000145316
2_1,Cyclic Voltammetry,1124.27,1.64917,1.64917,0.553294,0,-0.020573,7.84397e-05
2_1,Cyclic Voltammetry,1125.26,1.65119,1.65119,0.568523,0,-0.0204179,2.74181e-06
2_1,Cyclic Voltammetry,1126.26,1.65324,1.65324,0.581834,0,-0.0202589,8.80957e-05
2_1,Cyclic Voltammetry,1127.25,1.65513,1.65513,0.592922,0,-0.0200965,0.000151753
2_1,Cyclic Voltammetry,1128.25,1.65706,1.65706,0.60147,0,-0.0199313,8.66652e-05
2_1,Cyclic Voltammetry,1129.24,1.65908,1.65908,0.607668,0,-0.0197642,1.40667e-05
2_1,Cyclic Voltammetry,1130.24,1.66112,1.66112,0.611367,0,-0.0195956,4.04119e-05
2_1,Cyclic Voltammetry,1131.23,1.66313,1.66313,0.612902,0,-0.0194264,8.7738e-05
2_1,Cyclic Voltammetry,1132.23,1.66506,1.66506,0.612647,0,-0.019257,7.73668e-05
2_1,Cyclic Voltammetry,1133.22,1.667,1.667,0.611129,0,-0.0190878,6.13928e-05
2_1,Cyclic Voltammetry,1134.22,1.66902,1.66902,0.608835,0,-0.0189191,5.37634e-05
2_1,Cyclic Voltammetry,1135.21,1.67111,1.67111,0.606082,0,-0.0187511,2.72989e-05
2_1,Cyclic Voltammetry,1136.21,1.67308,1.67308,0.603288,0,-0.018584,1.96695e-05
2_1,Cyclic Voltammetry,1137.21,1.67501,1.67501,0.601044,0,-0.0184175,0.000135064
2_1,Cyclic Voltammetry,1138.2,1.67694,1.67694,0.599133,0,-0.0182515,0.000148535
2_1,Cyclic Voltammetry,1139.2,1.67897,1.67897,0.597722,0,-0.0180861,-5.36442e-06
2_1,Cyclic Voltammetry,1140.19,1.68103,1.68103,0.596968,0,-0.0179209,-1.5974e-05
2_1,Cyclic Voltammetry,1141.19,1.68302,1.68302,0.596793,0,-0.0177559,0.000120759
2_1,Cyclic Voltammetry,1142.18,1.68492,1.68492,0.596953,0,-0.0175908,0.000150919
2_1,Cyclic Voltammetry,1143.18,1.68687,1.68687,0.597661,0,-0.0174257,0.000108838
2_1,Cyclic Voltammetry,1144.17,1.6889,1.6889,0.598492,0,-0.0172603,2.6226e-05
2_1,Cyclic Voltammetry,1145.17,1.69095,1.69095,0.599696,0,-0.0170947,7.1764e-05
2_1,Cyclic Voltammetry,1146.16,1.69293,1.69293,0.601154,0,-0.0169286,0.00016129
2_1,Cyclic Voltammetry,1147.16,1.69485,1.69485,0.60286,0,-0.0167622,0.000191092
2_1,Cyclic Voltammetry,1148.15,1.69684,1.69684,0.604797,0,-0.0165952,0.000164986
2_1,Cyclic Voltammetry,1149.15,1.69879,1.69879,0.606079,0,-0.0164278,0.000111222
2_1,Cyclic Voltammetry,1150.15,1.70085,1.70085,0.609268,0,-0.0162598,9.35793e-05
2_1,Cyclic Voltammetry,1151.14,1.70281,1.70281,0.612885,0,-0.0160908,8.96454e-05
2_1,Cyclic Voltammetry,1152.14,1.70474,1.70474,0.617367,0,-0.0159208,0.000207782
2_1,Cyclic Voltammetry,1153.13,1.70671,1.70671,0.622702,0,-0.0157493,0.000211239
2_1,Cyclic Voltammetry,1154.13,1.70877,1.70877,0.629128,0,-0.0155762,8.18968e-05
2_1,Cyclic Voltammetry,1155.12,1.7108,1.7108,0.636635,0,-0.0154013,0.000129819
2_1,Cyclic Voltammetry,1156.12,1.71277,1.71277,0.645153,0,-0.015224,0.000200629
2_1,Cyclic Voltammetry,1157.11,1.71472,1.71472,0.654853,0,-0.0150443,0.00021863
2_1,Cyclic Voltammetry,1158.11,1.7167,1.7167,0.665521,0,-0.0148618,0.000102639
2_1,Cyclic Voltammetry,1159.1,1.71873,1.71873,0.676998,0,-0.0146762,7.41482e-05
2_1,Cyclic Voltammetry,1160.1,1.72073,1.72073,0.689096,0,-0.0144873,0.000120521
2_1,Cyclic Voltammetry,1161.09,1.72272,1.72272,0.701821,0,-0.014295,0.000113487
2_1,Cyclic Voltammetry,1162.09,1.72469,1.72469,0.714856,0,-0.0140992,9.46522e-05
2_1,Cyclic Voltammetry,1163.09,1.72666,1.72666,0.727919,0,-0.0138997,0.000164628
2_1,Cyclic Voltammetry,1164.08,1.72868,1.72868,0.740909,0,-0.0136966,0.000136256
2_1,Cyclic Voltammetry,1165.08,1.73069,1.73069,0.753415,0,-0.01349,6.7234e-05
2_1,Cyclic Voltammetry,1166.07,1.73269,1.73269,0.765537,0,-0.01328,0.000108242
2_1,Cyclic Voltammetry,1167.07,1.73469,1.73469,0.777186,0,-0.0130668,0.000152349
2_1,Cyclic Voltammetry,1168.06,1.73666,1.73666,0.788218,0,-0.0128504,0.00018096
2_1,Cyclic Voltammetry,1169.06,1.73862,1.73862,0.798694,0,-0.012631,0.00011158
2_1,Cyclic Voltammetry,1170.05,1.74062,1.74062,0.808213,0,-0.0124088,0.000131249
2_1,Cyclic Voltammetry,1171.05,1.74264,1.74264,0.816782,0,-0.0121841,0.000148892
2_1,Cyclic Voltammetry,1172.04,1.74462,1.74462,0.824775,0,-0.0119572,0.000102878
2_1,Cyclic Voltammetry,1173.04,1.7466,1.7466,0.831717,0,-0.0117282,0.000145793
2_1,Cyclic Voltammetry,1174.04,1.74857,1.74857,0.837486,0,-0.0114974,0.000151873
2_1,Cyclic Voltammetry,1175.03,1.75056,1.75056,0.841934,0,-0.0112652,0.000115871
2_1,Cyclic Voltammetry,1176.03,1.75259,1.75259,0.845055,0,-0.011032,6.00815e-05
2_1,Cyclic Voltammetry,1177.02,1.7546,1.7546,0.846486,0,-0.0107982,8.30889e-05
2_1,Cyclic Voltammetry,1178.02,1.75657,1.75657,0.845878,0,-0.0105642,0.000113368
2_1,Cyclic Voltammetry,1179.01,1.75849,1.75849,0.84305,0,-0.0103307,0.000148416
2_1,Cyclic Voltammetry,1180.01,1.76051,1.76051,0.838035,0,-0.0100983,0.000138283
2_1,Cyclic Voltammetry,1181,1.76254,1.76254,0.830621,0,-0.0098676,6.78301e-05
2_1,Cyclic Voltammetry,1182,1.76459,1.76459,0.820951,0,-0.00963927,6.29425e-05
2_1,Cyclic Voltammetry,1182.99,1.76655,1.76655,0.809252,0,-0.00941389,5.53131e-05
2_1,Cyclic Voltammetry,1183.99,1.76846,1.76846,0.795668,0,-0.00919201,0.000112414
2_1,Cyclic Voltammetry,1184.98,1.77048,1.77048,0.780571,0,-0.0089741,0.000132322
2_1,Cyclic Voltammetry,1185.98,1.77254,1.77254,0.764321,0,-0.00876052,2.02656e-06
2_1,Cyclic Voltammetry,1186.98,1.77458,1.77458,0.747371,0,-0.00855153,-1.34706e-05
2_1,Cyclic Voltammetry,1187.97,1.77652,1.77652,0.72968,0,-0.00834732,8.90493e-05
2_1,Cyclic Voltammetry,1188.97,1.77842,1.77842,0.711608,0,-0.00814807,0.000144362
2_1,Cyclic Voltammetry,1189.96,1.78043,1.78043,0.693408,0,-0.00795382,5.40018e-05
2_1,Cyclic Voltammetry,1190.96,1.7825,1.7825,0.674901,0,-0.00776465,-1.26362e-05
2_1,Cyclic Voltammetry,1191.95,1.78454,1.78454,0.656109,0,-0.00758064,2.86102e-05
2_1,Cyclic Voltammetry,1192.95,1.78649,1.78649,0.63716,0,-0.00740185,4.56572e-05
2_1,Cyclic Voltammetry,1193.94,1.78841,1.78841,0.61795,0,-0.00722833,0.000108838
2_1,Cyclic Voltammetry,1194.94,1.79042,1.79042,0.598564,0,-0.00706015,0.000120521
2_1,Cyclic Voltammetry,1195.93,1.79249,1.79249,0.579169,0,-0.00689732,5.10216e-05
2_1,Cyclic Voltammetry,1196.93,1.7945,1.7945,0.559659,0,-0.00673988,-2.83718e-05
2_1,Cyclic Voltammetry,1197.92,1.79643,1.79643,0.54038,0,-0.0065878,1.58548e-05
2_1,Cyclic Voltammetry,1198.92,1.79838,1.79838,0.521357,0,-0.00644102,0.000132322
2_1,Cyclic Voltammetry,1199.92,1.80039,1.80039,0.502758,0,-0.00629943,6.60419e-05
2_1,Cyclic Voltammetry,1200.91,1.80246,1.80246,0.484708,0,-0.00616291,-6.83069e-05
2_1,Cyclic Voltammetry,1201.91,1.80448,1.80448,0.467332,0,-0.00603129,-3.45707e-05
2_1,Cyclic Voltammetry,1202.9,1.80641,1.80641,0.45069,0,-0.00590438,7.90358e-05
2_1,Cyclic Voltammetry,1203.9,1.80834,1.80834,0.43493,0,-0.00578194,5.10216e-05
2_1,Cyclic Voltammetry,1204.89,1.81037,1.81037,0.419969,0,-0.00566375,4.43459e-05
2_1,Cyclic Voltammetry,1205.89,1.81241,1.81241,0.405779,0,-0.00554959,1.94311e-05
2_1,Cyclic Voltammetry,1206.88,1.81446,1.81446,0.392256,0,-0.00543926,3.19481e-05
2_1,Cyclic Voltammetry,1207.88,1.81641,1.81641,0.379809,0,-0.00533253,7.15256e-06
2_1,Cyclic Voltammetry,1208.87,1.81832,1.81832,0.367759,0,-0.00522917,4.82798e-05
2_1,Cyclic Voltammetry,1209.87,1.82033,1.82033,0.356418,0,-0.00512906,8.9407e-05
2_1,Cyclic Voltammetry,1210.86,1.82241,1.82241,0.345759,0,-0.00503198,3.62396e-05
2_1,Cyclic Voltammetry,1211.86,1.82445,1.82445,0.335751,0,-0.00493776,-4.01735e-05
2_1,Cyclic Voltammetry,1212.86,1.82638,1.82638,0.326316,0,-0.00484623,1.90735e-05
2_1,Cyclic Voltammetry,1213.85,1.82831,1.82831,0.317438,0,-0.00475723,9.31025e-05
2_1,Cyclic Voltammetry,1214.85,1.83033,1.83033,0.309136,0,-0.00467061,8.41618e-05
2_1,Cyclic Voltammetry,1215.84,1.8324,1.8324,0.301414,0,-0.0045862,-7.98702e-06
2_1,Cyclic Voltammetry,1216.84,1.83441,1.83441,0.294251,0,-0.00450385,-1.93119e-05
2_1,Cyclic Voltammetry,1217.83,1.83634,1.83634,0.287661,0,-0.0044234,5.10216e-05
2_1,Cyclic Voltammetry,1218.83,1.83828,1.83828,0.281673,0,-0.00434469,4.66108e-05
2_1,Cyclic Voltammetry,1219.82,1.84029,1.84029,0.276312,0,-0.00426755,8.32081e-05
2_1,Cyclic Voltammetry,1220.82,1.84237,1.84237,0.271672,0,-0.00419179,6.67572e-05
2_1,Cyclic Voltammetry,1221.81,1.84436,1.84436,0.267719,0,-0.00411722,-4.33922e-05
2_1,Cyclic Voltammetry,1222.81,1.84632,1.84632,0.26456,0,-0.00404363,-4.30346e-05
2_1,Cyclic Voltammetry,1223.81,1.84824,1.84824,0.262343,0,-0.00397079,8.4281e-05
2_1,Cyclic Voltammetry,1224.8,1.85027,1.85027,0.26111,0,-0.00389842,0.00010097
2_1,Cyclic Voltammetry,1225.8,1.85234,1.85234,0.260848,0,-0.00382626,3.80278e-05
2_1,Cyclic Voltammetry,1226.79,1.85435,1.85435,0.261606,0,-0.00375403,-5.72205e-06
2_1,Cyclic Voltammetry,1227.79,1.85629,1.85629,0.26305,0,-0.00368149,3.38554e-05
2_1,Cyclic Voltammetry,1228.78,1.85821,1.85821,0.265176,0,-0.00360847,8.24928e-05
2_1,Cyclic Voltammetry,1229.78,1.86024,1.86024,0.267965,0,-0.00353476,6.33001e-05
2_1,Cyclic Voltammetry,1230.77,1.8623,1.8623,0.271319,0,-0.0034602,4.12464e-05
2_1,Cyclic Voltammetry,1231.77,1.86438,1.86438,0.275115,0,-0.00338466,1.10865e-05
2_1,Cyclic Voltammetry,1232.76,1.8663,1.8663,0.279196,0,-0.00330803,-5.82933e-05
2_1,Cyclic Voltammetry,1233.76,1.86815,1.86815,0.282844,0,-0.00323032,3.09944e-06
2_1,Cyclic Voltammetry,1234.75,1.87013,1.87013,0.287143,0,-0.00315152,0.000106573
2_1,Cyclic Voltammetry,1235.75,1.8722,1.8722,0.291444,0,-0.00307153,4.1604e-05
2_1,Cyclic Voltammetry,1236.75,1.8742,1.8742,0.29536,0,-0.00299041,-8.52346e-05
2_1,Cyclic Voltammetry,1237.74,1.87612,1.87612,0.298393,0,-0.00290832,-5.37634e-05
2_1,Cyclic Voltammetry,1238.74,1.87807,1.87807,0.300373,0,-0.00282554,0.000100136
2_1,Cyclic Voltammetry,1239.73,1.8801,1.8801,0.301023,0,-0.0027424,5.47171e-05
2_1,Cyclic Voltammetry,1240.73,1.88218,1.88218,0.300474,0,-0.00265924,-2.06232e-05
2_1,Cyclic Voltammetry,1241.72,1.88416,1.88416,0.298549,0,-0.00257643,-4.52995e-05
2_1,Cyclic Voltammetry,1242.72,1.88605,1.88605,0.295431,0,-0.00249431,-1.13249e-05
2_1,Cyclic Voltammetry,1243.71,1.88801,1.88801,0.291315,0,-0.00241319,3.65973e-05
2_1,Cyclic Voltammetry,1244.71,1.89007,1.89007,0.286424,0,-0.00233332,6.97374e-05
2_1,Cyclic Voltammetry,1245.7,1.89213,1.89213,0.280866,0,-0.00225489,4.80413e-05
2_1,Cyclic Voltammetry,1246.7,1.89412,1.89412,0.275178,0,-0.00217802,-2.34842e-05
2_1,Cyclic Voltammetry,1247.69,1.89603,1.89603,0.269543,0,-0.00210271,-2.83718e-05
2_1,Cyclic Voltammetry,1248.69,1.89798,1.89798,0.264254,0,-0.00202891,6.05583e-05
2_1,Cyclic Voltammetry,1249.69,1.90007,1.90007,0.259459,0,-0.00195651,0.000139713
2_1,Cyclic Voltammetry,1250.68,1.90209,1.90209,0.254935,0,-0.0018854,6.04391e-05
2_1,Cyclic Voltammetry,1251.68,1.90409,1.90409,0.250986,0,-0.00181545,-5.23329e-05
2_1,Cyclic Voltammetry,1252.67,1.90601,1.90601,0.24744,0,-0.00174655,7.98702e-06
2_1,Cyclic Voltammetry,1253.67,1.90798,1.90798,0.24429,0,-0.00167856,0.000133038
2_1,Cyclic Voltammetry,1254.66,1.91003,1.91003,0.241379,0,-0.00161142,9.5129e-05
2_1,Cyclic Voltammetry,1255.66,1.91209,1.91209,0.238649,0,-0.00154506,4.29153e-06
2_1,Cyclic Voltammetry,1256.65,1.91406,1.91406,0.236141,0,-0.00147942,-2.53916e-05
2_1,Cyclic Voltammetry,1257.65,1.91595,1.91595,0.233784,0,-0.00141445,1.77622e-05
2_1,Cyclic Voltammetry,1258.64,1.91794,1.91794,0.231614,0,-0.00135011,6.19888e-05
2_1,Cyclic Voltammetry,1259.64,1.91998,1.91998,0.229871,0,-0.00128631,6.60419e-05
2_1,Cyclic Voltammetry,1260.63,1.92206,1.92206,0.228511,0,-0.00122294,7.14064e-05
2_1,Cyclic Voltammetry,1261.63,1.924,1.924,0.227366,0,-0.00115991,4.30346e-05
2_1,Cyclic Voltammetry,1262.63,1.9259,1.9259,0.226581,0,-0.00109715,-1.4782e-05
2_1,Cyclic Voltammetry,1263.62,1.92791,1.92791,0.226169,0,-0.00103456,8.29697e-05
2_1,Cyclic Voltammetry,1264.62,1.92997,1.92997,0.22597,0,-0.000972053,0.000129342
2_1,Cyclic Voltammetry,1265.61,1.93203,1.93203,0.22598,0,-0.000909571,4.8399e-05
2_1,Cyclic Voltammetry,1266.61,1.93397,1.93397,0.226084,0,-0.000847073,2.98023e-06
2_1,Cyclic Voltammetry,1267.6,1.93586,1.93586,0.226374,0,-0.00078452,8.08239e-05
2_1,Cyclic Voltammetry,1268.6,1.93788,1.93788,0.226833,0,-0.000721865,0.000131726
2_1,Cyclic Voltammetry,1269.59,1.93995,1.93995,0.227314,0,-0.000659079,0.000167131
2_1,Cyclic Voltammetry,1270.59,1.94197,1.94197,0.227915,0,-0.000596143,6.97374e-05
2_1,Cyclic Voltammetry,1271.58,1.94392,1.94392,0.228687,0,-0.000533018,2.34842e-05
2_1,Cyclic Voltammetry,1272.58,1.94586,1.94586,0.229613,0,-0.000469658,7.72476e-05
2_1,Cyclic Voltammetry,1273.58,1.94787,1.94787,0.230707,0,-0.000406019,9.47714e-05
2_1,Cyclic Voltammetry,1274.57,1.94994,1.94994,0.232024,0,-0.000342046,0.00013566
2_1,Cyclic Voltammetry,1275.57,1.95195,1.95195,0.233662,0,-0.000277665,5.30481e-05
2_1,Cyclic Voltammetry,1276.56,1.95391,1.95391,0.235597,0,-0.00021279,-2.2769e-05
2_1,Cyclic Voltammetry,1277.56,1.95583,1.95583,0.237801,0,-0.000147343,3.52859e-05
2_1,Cyclic Voltammetry,1278.55,1.95786,1.95786,0.240439,0,-8.12262e-05,0.00014019
2_1,Cyclic Voltammetry,1279.55,1.9599,1.9599,0.243509,0,-1.43204e-05,0.00011003
2_1,Cyclic Voltammetry,1280.54,1.96193,1.96193,0.247206,0,5.35209e-05,4.94719e-05
2_1,Cyclic Voltammetry,1281.54,1.96385,1.96385,0.251627,0,0.000122485,2.53916e-05
2_1,Cyclic Voltammetry,1282.53,1.96574,1.96574,0.257669,0,0.000192895,5.50747e-05
2_1,Cyclic Voltammetry,1283.53,1.9678,1.9678,0.266437,0,0.000265353,0.000104547
2_1,Cyclic Voltammetry,1284.52,1.96986,1.96986,0.279777,0,0.000340867,0.000127435
2_1,Cyclic Voltammetry,1285.52,1.97187,1.97187,0.299905,0,0.000421008,7.9751e-05
2_1,Cyclic Voltammetry,1286.52,1.97378,1.97378,0.328754,0,0.00050792,4.49419e-05
2_1,Cyclic Voltammetry,1287.51,1.97572,1.97572,0.368867,0,0.000604366,3.54052e-05
2_1,Cyclic Voltammetry,1288.51,1.97776,1.97776,0.422676,0,0.000713797,0.00018239
2_1,Cyclic Voltammetry,1289.5,1.97981,1.97981,0.490119,0,0.000839991,0.000133276
2_1,Cyclic Voltammetry,1290.5,1.98179,1.98179,0.570266,0,0.000986589,4.57764e-05
2_1,Cyclic Voltammetry,1291.49,1.9837,1.9837,0.661442,0,0.00115687,8.59499e-05
2_1,Cyclic Voltammetry,1292.49,1.98565,1.98565,0.761736,0,0.00135363,0.000141025
2_1,Cyclic Voltammetry,1293.48,1.98769,1.98769,0.869018,0,0.00157908,0.000171304
2_1,Cyclic Voltammetry,1294.48,1.98973,1.98973,0.981024,0,0.00183485,0.000141621
2_1,Cyclic Voltammetry,1295.47,1.99171,1.99171,1.09536,0,0.00212191,0.000138164
2_1,Cyclic Voltammetry,1296.47,1.99362,1.99362,1.20974,0,0.00244059,0.000127554
2_1,Cyclic Voltammetry,1297.46,1.99558,1.99558,1.32164,0,0.00279055,9.33409e-05
2_1,Cyclic Voltammetry,1298.46,1.99764,1.99764,1.42914,0,0.00317084,0.000209212
2_1,Cyclic Voltammetry,1298.96,1.99918,1.99918,1.50632,0,0.00337376,0.000180483
2_1,Cyclic Voltammetry,1299.95,1.99903,1.99903,1.54029,0,0.00379506,0.000187397
2_1,Cyclic Voltammetry,1300.95,1.99699,1.99699,1.53284,0,0.00422002,0.000191331
2_1,Cyclic Voltammetry,1301.94,1.99496,1.99496,1.51161,0,0.00464101,0.000127912
2_1,Cyclic Voltammetry,1302.94,1.99304,1.99304,1.48138,0,0.00505479,0.000122786
2_1,Cyclic Voltammetry,1303.94,1.99111,1.99111,1.44482,0,0.00545941,0.000118375
2_1,Cyclic Voltammetry,1304.93,1.98912,1.98912,1.40339,0,0.00585318,0.000130653
2_1,Cyclic Voltammetry,1305.93,1.98705,1.98705,1.35861,0,0.00623503,0.000196815
2_1,Cyclic Voltammetry,1306.92,1.98504,1.98504,1.31127,0,0.00660414,0.000207543
2_1,Cyclic Voltammetry,1307.92,1.98309,1.98309,1.2621,0,0.0069599,8.01086e-05
2_1,Cyclic Voltammetry,1308.91,1.98119,1.98119,1.21231,0,0.00730199,5.84126e-05
2_1,Cyclic Voltammetry,1309.91,1.97916,1.97916,1.16184,0,0.00763022,0.000174165
2_1,Cyclic Voltammetry,1310.9,1.97708,1.97708,1.1117,0,0.00794453,0.000182509
2_1,Cyclic Voltammetry,1311.9,1.97506,1.97506,1.06246,0,0.00824511,0.000100732
2_1,Cyclic Voltammetry,1312.89,1.97316,1.97316,1.01392,0,0.00853217,4.51803e-05
2_1,Cyclic Voltammetry,1313.89,1.97123,1.97123,0.966641,0,0.00880599,0.000110984
2_1,Cyclic Voltammetry,1314.89,1.96918,1.96918,0.920662,0,0.00906691,0.000147104
2_1,Cyclic Voltammetry,1315.88,1.96713,1.96713,0.876161,0,0.00931532,0.000140548
2_1,Cyclic Voltammetry,1316.88,1.96512,1.96512,0.833345,0,0.00955166,0.000110269
2_1,Cyclic Voltammetry,1317.87,1.96321,1.96321,0.792233,0,0.00977639,6.04391e-05
2_1,Cyclic Voltammetry,1318.87,1.96129,1.96129,0.752925,0,0.00999001,7.80821e-05
2_1,Cyclic Voltammetry,1319.86,1.95925,1.95925,0.715317,0,0.010193,0.000159025
2_1,Cyclic Voltammetry,1320.86,1.95719,1.95719,0.679734,0,0.0103859,0.000207305
2_1,Cyclic Voltammetry,1321.85,1.9552,1.9552,0.645816,0,0.0105691,5.42402e-05
2_1,Cyclic Voltammetry,1322.85,1.9533,1.9533,0.613679,0,0.0107432,3.5882e-05
2_1,Cyclic Voltammetry,1323.84,1.95132,1.95132,0.583158,0,0.0109087,6.8903e-05
2_1,Cyclic Voltammetry,1324.84,1.94927,1.94927,0.554255,0,0.011066,0.000161648
2_1,Cyclic Voltammetry,1325.83,1.94719,1.94719,0.52702,0,0.0112154,6.06775e-05
2_1,Cyclic Voltammetry,1326.83,1.9452,1.9452,0.501338,0,0.0113576,6.58035e-05
2_1,Cyclic Voltammetry,1327.83,1.94331,1.94331,0.47705,0,0.0114929,5.54323e-05
2_1,Cyclic Voltammetry,1328.82,1.94133,1.94133,0.454167,0,0.0116216,0.000111461
2_1,Cyclic Voltammetry,1329.82,1.93928,1.93928,0.432691,0,0.0117442,0.00019908
2_1,Cyclic Voltammetry,1330.81,1.93723,1.93723,0.412293,0,0.011861,0.000137568
2_1,Cyclic Voltammetry,1331.81,1.93525,1.93525,0.393192,0,0.0119724,8.53539e-05
2_1,Cyclic Voltammetry,1332.8,1.93334,1.93334,0.37515,0,0.0120786,-3.23057e-05
2_1,Cyclic Voltammetry,1333.8,1.93136,1.93136,0.358108,0,0.01218,0.000108242
2_1,Cyclic Voltammetry,1334.79,1.92931,1.92931,0.342044,0,0.0122768,0.000162363
2_1,Cyclic Voltammetry,1335.79,1.92727,1.92727,0.326863,0,0.0123693,6.58035e-05
2_1,Cyclic Voltammetry,1336.78,1.92528,1.92528,0.312305,0,0.0124576,-8.70228e-06
2_1,Cyclic Voltammetry,1337.78,1.92338,1.92338,0.298372,0,0.0125421,2.61068e-05
2_1,Cyclic Voltammetry,1338.77,1.92139,1.92139,0.284938,0,0.0126227,9.60827e-05
2_1,Cyclic Voltammetry,1339.77,1.91933,1.91933,0.272012,0,0.0126997,9.40561e-05
2_1,Cyclic Voltammetry,1340.77,1.9173,1.9173,0.259666,0,0.0127732,4.3869e-05
2_1,Cyclic Voltammetry,1341.76,1.91535,1.91535,0.247769,0,0.0128434,3.11136e-05
2_1,Cyclic Voltammetry,1342.76,1.91344,1.91344,0.236278,0,0.0129103,-3.83854e-05
2_1,Cyclic Voltammetry,1343.75,1.91071,1.91071,0.223458,0,0.0129738,0.000115991
2_1,Cyclic Voltammetry,1344.75,1.90938,1.90938,0.214711,0,0.0130344,0.00021708
2_1,Cyclic Voltammetry,1345.74,1.90731,1.90731,0.204775,0,0.0130924,0.000185251
2_1,Cyclic Voltammetry,1346.74,1.90537,1.90537,0.195372,0,0.0131477,5.48363e-05
2_1,Cyclic Voltammetry,1347.73,1.90345,1.90345,0.18642,0,0.0132005,3.67165e-05
2_1,Cyclic Voltammetry,1348.73,1.90142,1.90142,0.17785,0,0.0132509,0.000183582
2_1,Cyclic Voltammetry,1349.72,1.89938,1.89938,0.169756,0,0.0132989,0.000197649
2_1,Cyclic Voltammetry,1350.72,1.89736,1.89736,0.162026,0,0.0133448,0.00010407
2_1,Cyclic Voltammetry,1351.71,1.89541,1.89541,0.154746,0,0.0133886,8.78572e-05
2_1,Cyclic Voltammetry,1352.71,1.89348,1.89348,0.147804,0,0.0134304,0.000112653
2_1,Cyclic Voltammetry,1353.71,1.89147,1.89147,0.141081,0,0.0134704,0.000150919
2_1,Cyclic Voltammetry,1354.7,1.88939,1.88939,0.134866,0,0.0135085,0.000162959
2_1,Cyclic Voltammetry,1355.7,1.88738,1.88738,0.128804,0,0.013545,9.5129e-05
2_1,Cyclic Voltammetry,1356.69,1.88544,1.88544,0.123012,0,0.0135798,7.61747e-05
2_1,Cyclic Voltammetry,1357.69,1.88351,1.88351,0.117461,0,0.013613,3.08752e-05
2_1,Cyclic Voltammetry,1358.68,1.8815,1.8815,0.112025,0,0.0136447,9.91821e-05
2_1,Cyclic Voltammetry,1359.68,1.8794,1.8794,0.106751,0,0.013675,0.000190258
2_1,Cyclic Voltammetry,1360.67,1.87741,1.87741,0.101612,0,0.0137038,9.39369e-05
2_1,Cyclic Voltammetry,1361.67,1.87548,1.87548,0.0966742,0,0.0137312,-2.2769e-05
2_1,Cyclic Voltammetry,1362.66,1.87354,1.87354,0.0918911,0,0.0137573,1.69277e-05
2_1,Cyclic Voltammetry,1363.66,1.87151,1.87151,0.0870914,0,0.013782,0.000157237
2_1,Cyclic Voltammetry,1364.66,1.86944,1.86944,0.0823569,0,0.0138054,9.94205e-05
2_1,Cyclic Voltammetry,1365.65,1.86752,1.86752,0.0782312,0,0.0138276,1.62125e-05
2_1,Cyclic Voltammetry,1366.65,1.86564,1.86564,0.0730441,0,0.0138486,2.25306e-05
2_1,Cyclic Voltammetry,1367.64,1.86368,1.86368,0.0679295,0,0.0138681,5.71012e-05
2_1,Cyclic Voltammetry,1368.64,1.86163,1.86163,0.0625805,0,0.0138861,8.63075e-05
2_1,Cyclic Voltammetry,1369.63,1.85956,1.85956,0.057011,0,0.0139026,8.83341e-05
2_1,Cyclic Voltammetry,1370.63,1.85757,1.85757,0.051369,0,0.0139176,0.000116706
2_1,Cyclic Voltammetry,1371.62,1.85567,1.85567,0.0454458,0,0.013931,4.41074e-05
2_1,Cyclic Voltammetry,1372.62,1.85369,1.85369,0.038833,0,0.0139426,2.15769e-05
2_1,Cyclic Voltammetry,1373.61,1.85167,1.85167,0.0315841,0,0.0139524,0.000118732
2_1,Cyclic Voltammetry,1374.61,1.84928,1.84928,0.0221616,0,0.0139598,0.000165462
2_1,Cyclic Voltammetry,1375.6,1.8476,1.8476,0.0127262,0,0.0139646,4.13656e-05
2_1,Cyclic Voltammetry,1376.6,1.84539,1.84539,-0.00554552,0,0.0139656,-4.76837e-06
2_1,Cyclic Voltammetry,1377.6,1.84322,1.84322,-0.0292596,0,0.0139608,5.40018e-05
2_1,Cyclic Voltammetry,1378.59,1.84169,1.84169,-0.0484341,0,0.0139501,0.000110388
2_1,Cyclic Voltammetry,1379.59,1.83962,1.83962,-0.0768357,0,0.0139328,8.46386e-05
2_1,Cyclic Voltammetry,1380.58,1.83763,1.83763,-0.107275,0,0.0139073,2.77758e-05
2_1,Cyclic Voltammetry,1381.58,1.83571,1.83571,-0.138747,0,0.0138733,-4.11272e-05
2_1,Cyclic Voltammetry,1382.57,1.83375,1.83375,-0.171606,0,0.0138304,-7.14064e-05
2_1,Cyclic Voltammetry,1383.57,1.83171,1.83171,-0.206666,0,0.0137781,2.20537e-05
2_1,Cyclic Voltammetry,1384.56,1.82965,1.82965,-0.244518,0,0.0137157,5.17368e-05
2_1,Cyclic Voltammetry,1385.56,1.82748,1.82748,-0.288381,0,0.013642,8.02279e-05
2_1,Cyclic Voltammetry,1386.55,1.82573,1.82573,-0.327642,0,0.0135569,-1.16825e-05
2_1,Cyclic Voltammetry,1387.55,1.82378,1.82378,-0.371423,0,0.0134602,4.99487e-05
2_1,Cyclic Voltammetry,1388.54,1.82174,1.82174,-0.415558,0,0.0133514,0.000107646
2_1,Cyclic Voltammetry,1389.54,1.81969,1.81969,-0.459351,0,0.0132305,8.53539e-05
2_1,Cyclic Voltammetry,1390.54,1.81768,1.81768,-0.502132,0,0.0130975,-2.15769e-05
2_1,Cyclic Voltammetry,1391.53,1.81577,1.81577,-0.543694,0,0.012953,1.62125e-05
2_1,Cyclic Voltammetry,1392.53,1.81381,1.81381,-0.583825,0,0.0127971,1.0252e-05
2_1,Cyclic Voltammetry,1393.52,1.81178,1.81178,-0.622899,0,0.0126303,5.09024e-05
2_1,Cyclic Voltammetry,1394.52,1.80971,1.80971,-0.6606,0,0.0124528,6.4373e-05
2_1,Cyclic Voltammetry,1395.51,1.80774,1.80774,-0.697043,0,0.0122651,7.33137e-05
2_1,Cyclic Voltammetry,1396.51,1.80581,1.80581,-0.732165,0,0.0120675,-8.34465e-06
2_1,Cyclic Voltammetry,1397.5,1.80381,1.80381,-0.766302,0,0.0118604,-1.21593e-05
2_1,Cyclic Voltammetry,1398.5,1.80178,1.80178,-0.799202,0,0.0116439,7.58171e-05
2_1,Cyclic Voltammetry,1399.49,1.79971,1.79971,-0.830797,0,0.0114186,9.62019e-05
2_1,Cyclic Voltammetry,1400.49,1.79773,1.79773,-0.860534,0,0.0111848,-3.99351e-05
2_1,Cyclic Voltammetry,1401.48,1.79581,1.79581,-0.887718,0,0.0109431,-4.62532e-05
2_1,Cyclic Voltammetry,1402.48,1.79386,1.79386,-0.91192,0,0.0106943,3.62396e-05
2_1,Cyclic Voltammetry,1403.48,1.79182,1.79182,-0.932161,0,0.0104393,0.000101566
2_1,Cyclic Voltammetry,1404.47,1.78976,1.78976,-0.947303,0,0.0101795,3.92199e-05
2_1,Cyclic Voltammetry,1405.47,1.78777,1.78777,-0.956125,0,0.00991633,-2.64645e-05
2_1,Cyclic Voltammetry,1406.46,1.78586,1.78586,-0.957191,0,0.00965182,-1.88351e-05
2_1,Cyclic Voltammetry,1407.46,1.78389,1.78389,-0.949602,0,0.0093882,-1.70469e-05
2_1,Cyclic Voltammetry,1408.45,1.7818,1.7818,-0.931673,0,0.00912812,3.62396e-05
2_1,Cyclic Voltammetry,1409.45,1.77975,1.77975,-0.90208,0,0.0088746,9.01222e-05
2_1,Cyclic Voltammetry,1410.44,1.77778,1.77778,-0.860323,0,0.00863095,-1.66893e-06
2_1,Cyclic Voltammetry,1411.44,1.77588,1.77588,-0.806896,0,0.00840046,-6.36578e-05
2_1,Cyclic Voltammetry,1412.43,1.7739,1.7739,-0.743189,0,0.00818616,-1.63317e-05
2_1,Cyclic Voltammetry,1413.43,1.77184,1.77184,-0.671368,0,0.00799059,5.72205e-05
2_1,Cyclic Voltammetry,1414.43,1.7698,1.7698,-0.595369,0,0.00781547,-6.55651e-06
2_1,Cyclic Voltammetry,1415.42,1.76785,1.76785,-0.518698,0,0.00766145,-3.63588e-05
2_1,Cyclic Voltammetry,1416.42,1.76593,1.76593,-0.444915,0,0.00752823,-6.06775e-05
2_1,Cyclic Voltammetry,1417.41,1.76393,1.76393,-0.376408,0,0.00741468,1.57356e-05
2_1,Cyclic Voltammetry,1418.41,1.76191,1.76191,-0.314736,0,0.00731913,3.98159e-05
2_1,Cyclic Voltammetry,1419.4,1.75986,1.75986,-0.260607,0,0.00723959,4.44651e-05
2_1,Cyclic Voltammetry,1420.4,1.75749,1.75749,-0.205329,0,0.00717517,-2.26498e-05
2_1,Cyclic Voltammetry,1421.39,1.75596,1.75596,-0.174121,0,0.00712271,-4.3273e-05
2_1,Cyclic Voltammetry,1422.39,1.75396,1.75396,-0.140774,0,0.00707918,-4.92334e-05
2_1,Cyclic Voltammetry,1423.38,1.75195,1.75195,-0.113254,0,0.00704406,5.30481e-05
2_1,Cyclic Voltammetry,1424.38,1.74991,1.74991,-0.0907359,0,0.00701586,5.31673e-05
2_1,Cyclic Voltammetry,1425.37,1.74793,1.74793,-0.0724502,0,0.0069933,4.6134e-05
2_1,Cyclic Voltammetry,1426.37,1.74599,1.74599,-0.0578183,0,0.00697529,2.81334e-05
2_1,Cyclic Voltammetry,1427.37,1.744,1.744,-0.0462173,0,0.00696091,5.20945e-05
2_1,Cyclic Voltammetry,1428.36,1.74198,1.74198,-0.0370064,0,0.0069494,5.09024e-05
2_1,Cyclic Voltammetry,1429.36,1.73997,1.73997,-0.0297324,0,0.00694017,7.78437e-05
2_1,Cyclic Voltammetry,1430.35,1.73722,1.73722,-0.0218247,0,0.00693305,0.000112414
2_1,Cyclic Voltammetry,1431.35,1.73599,1.73599,-0.0194817,0,0.00692733,3.80278e-05
2_1,Cyclic Voltammetry,1432.34,1.73401,1.73401,-0.0158948,0,0.00692244,2.83718e-05
2_1,Cyclic Voltammetry,1433.34,1.73202,1.73202,-0.0129768,0,0.00691845,-2.36034e-05
2_1,Cyclic Voltammetry,1434.33,1.73003,1.73003,-0.0106683,0,0.00691518,3.70741e-05
2_1,Cyclic Voltammetry,1435.33,1.72803,1.72803,-0.00880676,0,0.00691249,9.17912e-05
2_1,Cyclic Voltammetry,1436.32,1.72602,1.72602,-0.00735907,0,0.00691026,7.00951e-05
2_1,Cyclic Voltammetry,1437.32,1.72406,1.72406,-0.00608971,0,0.0069084,1.4782e-05
2_1,Cyclic Voltammetry,1438.31,1.7221,1.7221,-0.00508941,0,0.00690685,0.000101686
2_1,Cyclic Voltammetry,1439.31,1.72008,1.72008,-0.00427248,0,0.00690556,3.38554e-05
2_1,Cyclic Voltammetry,1440.31,1.71806,1.71806,-0.00365632,0,0.00690446,3.50475e-05
2_1,Cyclic Voltammetry,1441.3,1.71522,1.71522,-0.00293075,0,0.00690355,0.000119686
2_1,Cyclic Voltammetry,1442.3,1.71406,1.71406,-0.00269294,0,0.00690277,0.000148416
2_1,Cyclic Voltammetry,1443.29,1.71128,1.71128,-0.00139445,0,0.00690221,-6.69956e-05
2_1,Cyclic Voltammetry,1444.29,1.71015,1.71015,-0.002092,0,0.00690173,4.88758e-06
2_1,Cyclic Voltammetry,1445.28,1.70809,1.70809,-0.00195178,0,0.00690117,5.90086e-05
2_1,Cyclic Voltammetry,1446.28,1.7059,1.7059,-0.00181736,0,0.00690065,0.000159502
2_1,Cyclic Voltammetry,1447.27,1.7041,1.7041,-0.00174965,0,0.00690015,9.89437e-05
2_1,Cyclic Voltammetry,1448.27,1.70184,1.70184,-0.00176399,0,0.00689967,-1.39475e-05
2_1,Cyclic Voltammetry,1449.26,1.70018,1.70018,-0.00174519,0,0.00689918,9.59635e-05
2_1,Cyclic Voltammetry,1450.26,1.69766,1.69766,-0.00162593,0,0.00689872,0.000138164
2_1,Cyclic Voltammetry,1451.25,1.69617,1.69617,-0.00173521,0,0.00689825,0.000135779
2_1,Cyclic Voltammetry,1452.25,1.69357,1.69357,-0.00194238,0,0.00689774,6.58035e-05
2_1,Cyclic Voltammetry,1453.25,1.69231,1.69231,-0.00204584,0,0.00689719,8.63075e-05
2_1,Cyclic Voltammetry,1454.24,1.68946,1.68946,-0.00231968,0,0.00689659,5.24521e-05
2_1,Cyclic Voltammetry,1455.24,1.68826,1.68826,-0.00242136,0,0.00689593,4.17233e-05
2_1,Cyclic Voltammetry,1456.23,1.68541,1.68541,-0.00201292,0,0.00689532,0.000144601
2_1,Cyclic Voltammetry,1457.23,1.68429,1.68429,-0.00288762,0,0.00689464,0.000151634
2_1,Cyclic Voltammetry,1458.22,1.68235,1.68235,-0.00305253,0,0.00689382,1.54972e-05
2_1,Cyclic Voltammetry,1459.22,1.68035,1.68035,-0.00334603,0,0.00689294,-4.52995e-06
2_1,Cyclic Voltammetry,1460.21,1.67829,1.67829,-0.00362725,0,0.00689197,0.000103235
2_1,Cyclic Voltammetry,1461.21,1.67629,1.67629,-0.00396778,0,0.00689092,0.000164747
2_1,Cyclic Voltammetry,1462.2,1.67437,1.67437,-0.00428759,0,0.00688978,8.08239e-05
2_1,Cyclic Voltammetry,1463.2,1.67242,1.67242,-0.0046669,0,0.00688854,-9.89437e-06
2_1,Cyclic Voltammetry,1464.2,1.6704,1.6704,-0.00503466,0,0.0068872,5.94854e-05
2_1,Cyclic Voltammetry,1465.19,1.66835,1.66835,-0.00544843,0,0.00688575,7.28369e-05
2_1,Cyclic Voltammetry,1466.19,1.66633,1.66633,-0.00589493,0,0.00688418,8.76188e-05
2_1,Cyclic Voltammetry,1467.18,1.66443,1.66443,-0.00629975,0,0.0068825,4.57764e-05
2_1,Cyclic Voltammetry,1468.18,1.66249,1.66249,-0.00672774,0,0.0068807,8.92878e-05
2_1,Cyclic Voltammetry,1469.17,1.66045,1.66045,-0.0071677,0,0.00687878,1.04904e-05
2_1,Cyclic Voltammetry,1470.17,1.65843,1.65843,-0.00760981,0,0.00687673,4.35114e-05
2_1,Cyclic Voltammetry,1471.16,1.65642,1.65642,-0.00805336,0,0.00687457,0.00013268
2_1,Cyclic Voltammetry,1472.16,1.65449,1.65449,-0.00848861,0,0.00687228,9.17912e-05
2_1,Cyclic Voltammetry,1473.15,1.65255,1.65255,-0.00892785,0,0.00686987,-6.79493e-06
2_1,Cyclic Voltammetry,1474.15,1.65052,1.65052,-0.00936315,0,0.00686734,-1.09673e-05
2_1,Cyclic Voltammetry,1475.14,1.64847,1.64847,-0.00981754,0,0.00686469,6.38962e-05
2_1,Cyclic Voltammetry,1476.14,1.64647,1.64647,-0.0102618,0,0.00686192,0.000113726
2_1,Cyclic Voltammetry,1477.14,1.64455,1.64455,-0.0107261,0,0.00685901,9.81092e-05
2_1,Cyclic Voltammetry,1478.13,1.6426,1.6426,-0.0112043,0,0.00685598,1.93119e-05
2_1,Cyclic Voltammetry,1479.13,1.64061,1.64061,-0.0116618,0,0.00685282,-9.77516e-06
2_1,Cyclic Voltammetry,1480.12,1.63854,1.63854,-0.0121318,0,0.00684953,9.53674e-07
2_1,Cyclic Voltammetry,1481.12,1.63653,1.63653,-0.0126127,0,0.00684611,0.000101686
2_1,Cyclic Voltammetry,1482.11,1.63461,1.63461,-0.0130922,0,0.00684256,0.000118017
2_1,Cyclic Voltammetry,1483.11,1.63266,1.63266,-0.0135725,0,0.00683887,4.05312e-05
2_1,Cyclic Voltammetry,1484.1,1.63063,1.63063,-0.0140465,0,0.00683505,-7.02143e-05
2_1,Cyclic Voltammetry,1485.1,1.62858,1.62858,-0.0145212,0,0.0068311,4.68493e-05
2_1,Cyclic Voltammetry,1486.09,1.62659,1.62659,-0.0150092,0,0.00682702,9.04799e-05
2_1,Cyclic Voltammetry,1487.09,1.62466,1.62466,-0.0154934,0,0.0068228,4.43459e-05
2_1,Cyclic Voltammetry,1488.08,1.62272,1.62272,-0.0160097,0,0.00681845,-4.87566e-05
2_1,Cyclic Voltammetry,1489.08,1.6207,1.6207,-0.016489,0,0.00681396,-8.10623e-06
2_1,Cyclic Voltammetry,1490.08,1.61867,1.61867,-0.0169626,0,0.00680933,-3.82662e-05
2_1,Cyclic Voltammetry,1491.07,1.61667,1.61667,-0.0174583,0,0.00680457,-2.02656e-06
2_1,Cyclic Voltammetry,1492.07,1.61474,1.61474,-0.0179425,0,0.00679968,6.87838e-05
2_1,Cyclic Voltammetry,1493.06,1.6128,1.6128,-0.0184142,0,0.00679465,1.51396e-05
2_1,Cyclic Voltammetry,1494.06,1.61078,1.61078,-0.0188684,0,0.0067895,-5.67436e-05
2_1,Cyclic Voltammetry,1495.05,1.6087,1.6087,-0.0193096,0,0.00678422,-3.06368e-05
2_1,Cyclic Voltammetry,1496.05,1.60671,1.60671,-0.0197186,0,0.00677882,6.58035e-05
2_1,Cyclic Voltammetry,1497.04,1.6048,1.6048,-0.0201037,0,0.00677332,9.59635e-05
2_1,Cyclic Voltammetry,1498.04,1.60287,1.60287,-0.0204637,0,0.00676771,7.03335e-06
2_1,Cyclic Voltammetry,1499.03,1.60084,1.60084,-0.0208,0,0.006762,-8.69036e-05
2_1,Cyclic Voltammetry,1500.03,1.59878,1.59878,-0.0211164,0,0.00675621,4.52995e-06
2_1,Cyclic Voltammetry,1501.02,1.59676,1.59676,-0.0213897,0,0.00675033,0.000102162
2_1,Cyclic Voltammetry,1502.02,1.59483,1.59483,-0.0216617,0,0.00674438,2.41995e-05
2_1,Cyclic Voltammetry,1503.02,1.5929,1.5929,-0.0219313,0,0.00673835,-1.7643e-05
2_1,Cyclic Voltammetry,1504.01,1.59086,1.59086,-0.0221655,0,0.00673226,-5.30481e-05
2_1,Cyclic Voltammetry,1505.01,1.58881,1.58881,-0.0224137,0,0.0067261,-5.28097e-05
2_1,Cyclic Voltammetry,1506,1.58679,1.58679,-0.0226241,0,0.00671987,1.34706e-05
2_1,Cyclic Voltammetry,1507,1.58489,1.58489,-0.0228404,0,0.00671358,8.7738e-05
2_1,Cyclic Voltammetry,1507.99,1.58296,1.58296,-0.0230558,0,0.00670724,2.98023e-06
2_1,Cyclic Voltammetry,1508.99,1.58091,1.58091,-0.0232874,0,0.00670083,-9.97782e-05
2_1,Cyclic Voltammetry,1509.98,1.57885,1.57885,-0.0235352,0,0.00669436,-9.83477e-05
2_1,Cyclic Voltammetry,1510.98,1.57686,1.57686,-0.0237798,0,0.00668782,4.60148e-05
2_1,Cyclic Voltammetry,1511.97,1.57494,1.57494,-0.0240493,0,0.0066812,6.4373e-06
2_1,Cyclic Voltammetry,1512.97,1.57299,1.57299,-0.02436,0,0.00667451,-0.000145674
2_1,Cyclic Voltammetry,1513.97,1.57096,1.57096,-0.0247019,0,0.00666773,-0.00013566
2_1,Cyclic Voltammetry,1514.96,1.56891,1.56891,-0.0251049,0,0.00666084,-3.32594e-05
2_1,Cyclic Voltammetry,1515.96,1.56692,1.56692,-0.0255472,0,0.00665384,-1.96695e-05
2_1,Cyclic Voltammetry,1516.95,1.56466,1.56466,-0.0261206,0,0.0066467,-3.70741e-05
2_1,Cyclic Voltammetry,1517.95,1.56301,1.56301,-0.0266358,0,0.0066394,3.54052e-05
2_1,Cyclic Voltammetry,1518.94,1.56099,1.56099,-0.0273581,0,0.00663194,-2.95639e-05
2_1,Cyclic Voltammetry,1519.94,1.55896,1.55896,-0.0282127,0,0.00662426,-3.93391e-05
2_1,Cyclic Voltammetry,1520.93,1.55696,1.55696,-0.0292064,0,0.00661632,1.04904e-05
2_1,Cyclic Voltammetry,1521.93,1.55502,1.55502,-0.0303905,0,0.00660808,5.16176e-05
2_1,Cyclic Voltammetry,1522.92,1.55306,1.55306,-0.0317766,0,0.00659948,-1.78814e-05
2_1,Cyclic Voltammetry,1523.92,1.55105,1.55105,-0.033402,0,0.00659047,-9.32217e-05
2_1,Cyclic Voltammetry,1524.91,1.54902,1.54902,-0.0352961,0,0.00658098,-6.53267e-05
2_1,Cyclic Voltammetry,1525.91,1.54702,1.54702,-0.03749,0,0.00657091,4.04119e-05
2_1,Cyclic Voltammetry,1526.91,1.54508,1.54508,-0.0400797,0,0.00656019,4.86374e-05
2_1,Cyclic Voltammetry,1527.9,1.54311,1.54311,-0.0432949,0,0.00654866,-9.77516e-06
2_1,Cyclic Voltammetry,1528.9,1.5411,1.5411,-0.0476518,0,0.00653609,-1.7643e-05
2_1,Cyclic Voltammetry,1529.89,1.53905,1.53905,-0.0539818,0,0.00652204,-5.34058e-05
2_1,Cyclic Voltammetry,1530.89,1.53706,1.53706,-0.0635885,0,0.00650578,-5.82933e-05
2_1,Cyclic Voltammetry,1531.88,1.53513,1.53513,-0.0782477,0,0.00648618,-2.6226e-06
2_1,Cyclic Voltammetry,1532.88,1.53316,1.53316,-0.100454,0,0.00646147,-3.45707e-05
2_1,Cyclic Voltammetry,1533.87,1.53116,1.53116,-0.132965,0,0.0064292,-0.000115871
2_1,Cyclic Voltammetry,1534.87,1.5291,1.5291,-0.177952,0,0.00638622,-0.000172496
2_1,Cyclic Voltammetry,1535.86,1.52719,1.52719,-0.235617,0,0.00632904,-0.000150442
2_1,Cyclic Voltammetry,1536.86,1.52524,1.52524,-0.308842,0,0.00625377,-1.63317e-05
2_1,Cyclic Voltammetry,1537.85,1.5233,1.5233,-0.390738,0,0.00615705,-0.000114441
2_1,Cyclic Voltammetry,1538.85,1.52127,1.52127,-0.479865,0,0.00603669,-0.000156164
2_1,Cyclic Voltammetry,1539.85,1.51923,1.51923,-0.569249,0,0.00589165,-0.000111341
2_1,Cyclic Voltammetry,1540.84,1.51723,1.51723,-0.654952,0,0.0057224,-0.000112295
2_1,Cyclic Voltammetry,1541.84,1.51527,1.51527,-0.736372,0,0.00553005,-0.0001266
2_1,Cyclic Voltammetry,1542.83,1.51332,1.51332,-0.814799,0,0.0053156,-6.99759e-05
2_1,Cyclic Voltammetry,1543.83,1.51132,1.51132,-0.892743,0,0.00507954,-0.000124097
2_1,Cyclic Voltammetry,1544.82,1.50926,1.50926,-0.972177,0,0.00482171,-0.000202537
2_1,Cyclic Voltammetry,1545.82,1.50723,1.50723,-1.05368,0,0.00454164,-0.000119209
2_1,Cyclic Voltammetry,1546.81,1.50529,1.50529,-1.13712,0,0.00423876,-6.44922e-05
2_1,Cyclic Voltammetry,1547.81,1.50334,1.50334,-1.22191,0,0.00391262,-0.000150681
2_1,Cyclic Voltammetry,1548.8,1.50134,1.50134,-1.30745,0,0.00356294,-0.000265956
2_1,Cyclic Voltammetry,1549.8,1.49926,1.49926,-1.3933,0,0.00318956,-0.00011456
2_1,Cyclic Voltammetry,1550.79,1.49725,1.49725,-1.47899,0,0.00279247,-1.69277e-05
2_1,Cyclic Voltammetry,1551.79,1.4953,1.4953,-1.56302,0,0.00237191,-7.16448e-05
2_1,Cyclic Voltammetry,1552.79,1.49337,1.49337,-1.64328,0,0.00192864,-0.000175118
2_1,Cyclic Voltammetry,1553.78,1.49134,1.49134,-1.71726,0,0.00146404,-0.000172734
2_1,Cyclic Voltammetry,1554.78,1.48926,1.48926,-1.78109,0,0.000980395,-9.39369e-05
2_1,Cyclic Voltammetry,1555.77,1.48724,1.48724,-1.83198,0,0.000480888,-8.92878e-05
2_1,Cyclic Voltammetry,1556.77,1.48534,1.48534,-1.86801,0,-3.06358e-05,-5.13792e-05
2_1,Cyclic Voltammetry,1557.76,1.48341,1.48341,-1.88851,0,-0.000549975,-0.000158191
2_1,Cyclic Voltammetry,1558.76,1.48134,1.48134,-1.89562,0,-0.00107313,-0.000170112
2_1,Cyclic Voltammetry,1559.75,1.4793,1.4793,-1.89206,0,-0.00159678,-9.41753e-05
2_1,Cyclic Voltammetry,1560.75,1.47729,1.47729,-1.88158,0,-0.00211848,-6.92606e-05
2_1,Cyclic Voltammetry,1561.74,1.47537,1.47537,-1.86552,0,-0.00263652,-0.000118732
2_1,Cyclic Voltammetry,1562.74,1.47343,1.47343,-1.84471,0,-0.00314946,-0.00019896
2_1,Cyclic Voltammetry,1563.74,1.47137,1.47137,-1.82176,0,-0.00365635,-0.00017333
2_1,Cyclic Voltammetry,1564.73,1.4693,1.4693,-1.80008,0,-0.00415706,-9.89437e-05
2_1,Cyclic Voltammetry,1565.73,1.46732,1.46732,-1.78849,0,-0.00465319,-9.78708e-05
2_1,Cyclic Voltammetry,1566.72,1.46542,1.46542,-1.78559,0,-0.0051473,-9.60827e-05
2_1,Cyclic Voltammetry,1567.72,1.46342,1.46342,-1.79126,0,-0.0056418,-0.000120997
2_1,Cyclic Voltammetry,1568.71,1.46137,1.46137,-1.80988,0,-0.00613966,-0.000140667
2_1,Cyclic Voltammetry,1569.71,1.45933,1.45933,-1.83193,0,-0.00664314,-0.000131965
2_1,Cyclic Voltammetry,1570.7,1.45735,1.45735,-1.85379,0,-0.00715269,-2.3365e-05
2_1,Cyclic Voltammetry,1571.7,1.45542,1.45542,-1.87578,0,-0.0076683,-2.64645e-05
2_1,Cyclic Voltammetry,1572.69,1.45342,1.45342,-1.89819,0,-0.00819006,-0.000127673
2_1,Cyclic Voltammetry,1573.69,1.45138,1.45138,-1.91922,0,-0.00871781,-0.000137091
2_1,Cyclic Voltammetry,1574.68,1.44933,1.44933,-1.94101,0,-0.00925149,-3.20673e-05
2_1,Cyclic Voltammetry,1575.68,1.44737,1.44737,-1.95273,0,-0.0097898,1.58548e-05
2_1,Cyclic Voltammetry,1576.68,1.44546,1.44546,-1.96174,0,-0.010331,-7.45058e-05
2_1,Cyclic Voltammetry,1577.67,1.44347,1.44347,-1.96029,0,-0.0108732,-0.000126123
2_1,Cyclic Voltammetry,1578.67,1.44143,1.44143,-1.953,0,-0.0114142,-8.44002e-05
2_1,Cyclic Voltammetry,1579.66,1.43936,1.43936,-1.93722,0,-0.011952,-9.35793e-05
2_1,Cyclic Voltammetry,1580.66,1.43739,1.43739,-1.91104,0,-0.0124841,-7.80821e-05
2_1,Cyclic Voltammetry,1581.65,1.43547,1.43547,-1.87676,0,-0.0130077,-5.16176e-05
2_1,Cyclic Voltammetry,1582.65,1.43351,1.43351,-1.8305,0,-0.0135202,-0.000101328
2_1,Cyclic Voltammetry,1583.64,1.43144,1.43144,-1.77538,0,-0.0140188,-0.000183225
2_1,Cyclic Voltammetry,1584.64,1.4294,1.4294,-1.70812,0,-0.0145004,-0.000161529
2_1,Cyclic Voltammetry,1585.63,1.42742,1.42742,-1.62952,0,-0.0149618,-3.74317e-05
2_1,Cyclic Voltammetry,1586.63,1.42549,1.42549,-1.53626,0,-0.0153994,-6.47306e-05
2_1,Cyclic Voltammetry,1587.62,1.42354,1.42354,-1.4207,0,-0.0158082,-0.000165582
2_1,Cyclic Voltammetry,1588.62,1.42149,1.42149,-1.2828,0,-0.016182,-0.000226498
2_1,Cyclic Voltammetry,1589.62,1.41947,1.41947,-1.12539,0,-0.0165149,-0.000149846
2_1,Cyclic Voltammetry,1590.61,1.41748,1.41748,-0.96444,0,-0.0168039,-9.04799e-05
2_1,Cyclic Voltammetry,1591.61,1.41556,1.41556,-0.804054,0,-0.0170483,-9.36985e-05
2_1,Cyclic Voltammetry,1592.6,1.4136,1.4136,-0.665341,0,-0.0172515,-0.000167489
2_1,Cyclic Voltammetry,1593.6,1.41157,1.41157,-0.534669,0,-0.0174174,-0.000120044
2_1,Cyclic Voltammetry,1594.59,1.40951,1.40951,-0.426892,0,-0.0175503,-0.000121951
2_1,Cyclic Voltammetry,1595.59,1.40754,1.40754,-0.345743,0,-0.0176571,-0.000135064
2_1,Cyclic Voltammetry,1596.58,1.40561,1.40561,-0.283873,0,-0.0177442,-0.000115275
2_1,Cyclic Voltammetry,1597.58,1.40281,1.40281,-0.224773,0,-0.0178145,-9.08375e-05
2_1,Cyclic Voltammetry,1598.57,1.40158,1.40158,-0.197693,0,-0.0178729,-0.000101805
2_1,Cyclic Voltammetry,1599.57,1.39953,1.39953,-0.172724,0,-0.0179241,-0.000167131
2_1,Cyclic Voltammetry,1600.56,1.39756,1.39756,-0.152994,0,-0.0179692,-0.000171781
2_1,Cyclic Voltammetry,1601.56,1.39566,1.39566,-0.13998,0,-0.0180097,2.82526e-05
2_1,Cyclic Voltammetry,1602.56,1.39371,1.39371,-0.130691,0,-0.0180471,1.71661e-05
2_1,Cyclic Voltammetry,1603.55,1.39164,1.39164,-0.125168,0,-0.0180825,-0.000133038
2_1,Cyclic Voltammetry,1604.55,1.3896,1.3896,-0.118332,0,-0.0181161,-0.000154257
2_1,Cyclic Voltammetry,1605.54,1.3876,1.3876,-0.113027,0,-0.0181481,-0.000110149
2_1,Cyclic Voltammetry,1606.54,1.3857,1.3857,-0.109228,0,-0.0181788,-8.27312e-05
2_1,Cyclic Voltammetry,1607.53,1.38374,1.38374,-0.106623,0,-0.0182087,-7.92742e-05
2_1,Cyclic Voltammetry,1608.53,1.38169,1.38169,-0.104958,0,-0.0182379,-8.14199e-05
2_1,Cyclic Voltammetry,1609.52,1.37963,1.37963,-0.103379,0,-0.0182667,-0.000125408
2_1,Cyclic Voltammetry,1610.52,1.37765,1.37765,-0.101173,0,-0.018295,-0.00012219
2_1,Cyclic Voltammetry,1611.51,1.37575,1.37575,-0.0990273,0,-0.0183227,-6.48499e-05
2_1,Cyclic Voltammetry,1612.51,1.37376,1.37376,-0.0968741,0,-0.0183498,-7.02143e-05
2_1,Cyclic Voltammetry,1613.51,1.37172,1.37172,-0.0951541,0,-0.0183763,-7.96318e-05
2_1,Cyclic Voltammetry,1614.5,1.36967,1.36967,-0.0935279,0,-0.0184024,-6.48499e-05
2_1,Cyclic Voltammetry,1615.5,1.36772,1.36772,-0.0923255,0,-0.0184281,-9.26256e-05
2_1,Cyclic Voltammetry,1616.49,1.36579,1.36579,-0.0908563,0,-0.0184534,-2.3365e-05
2_1,Cyclic Voltammetry,1617.49,1.36378,1.36378,-0.0900121,0,-0.0184784,-2.41995e-05
2_1,Cyclic Voltammetry,1618.48,1.36176,1.36176,-0.0892901,0,-0.0185032,-3.50475e-05
2_1,Cyclic Voltammetry,1619.48,1.35976,1.35976,-0.0881401,0,-0.0185277,-6.28233e-05
2_1,Cyclic Voltammetry,1620.47,1.35783,1.35783,-0.0872835,0,-0.018552,-8.91685e-05
2_1,Cyclic Voltammetry,1621.47,1.3559,1.3559,-0.0869919,0,-0.0185761,-8.4877e-05
2_1,Cyclic Voltammetry,1622.46,1.3539,1.3539,-0.0858381,0,-0.0186,2.26498e-06
2_1,Cyclic Voltammetry,1623.46,1.35189,1.35189,-0.0852661,0,-0.0186236,-7.62939e-06
2_1,Cyclic Voltammetry,1624.45,1.34988,1.34988,-0.0845202,0,-0.0186471,-9.42945e-05
2_1,Cyclic Voltammetry,1625.45,1.34792,1.34792,-0.0839544,0,-0.0186704,-3.79086e-05
2_1,Cyclic Voltammetry,1626.45,1.34595,1.34595,-0.0833106,0,-0.0186935,-3.18289e-05
2_1,Cyclic Voltammetry,1627.44,1.34394,1.34394,-0.0830463,0,-0.0187165,-4.73261e-05
2_1,Cyclic Voltammetry,1628.44,1.34197,1.34197,-0.0824452,0,-0.0187394,-5.45979e-05
2_1,Cyclic Voltammetry,1629.43,1.33994,1.33994,-0.0820049,0,-0.0187621,-2.38419e-07
2_1,Cyclic Voltammetry,1630.43,1.33795,1.33795,-0.0820131,0,-0.0187848,-7.28369e-05
2_1,Cyclic Voltammetry,1631.42,1.33598,1.33598,-0.0808043,0,-0.0188073,-0.000131369
2_1,Cyclic Voltammetry,1632.42,1.33398,1.33398,-0.0805005,0,-0.0188296,-0.000106096
2_1,Cyclic Voltammetry,1633.41,1.33203,1.33203,-0.0802379,0,-0.0188518,-6.19888e-06
2_1,Cyclic Voltammetry,1634.41,1.33004,1.33004,-0.0800832,0,-0.018874,-2.83718e-05
2_1,Cyclic Voltammetry,1635.4,1.32801,1.32801,-0.0792413,0,-0.018896,-8.61883e-05
2_1,Cyclic Voltammetry,1636.4,1.32602,1.32602,-0.0787944,0,-0.0189179,-9.78708e-05
2_1,Cyclic Voltammetry,1637.39,1.32406,1.32406,-0.0786436,0,-0.0189397,-4.11272e-05
2_1,Cyclic Voltammetry,1638.39,1.3221,1.3221,-0.078019,0,-0.0189613,-6.12736e-05
2_1,Cyclic Voltammetry,1639.39,1.3201,1.3201,-0.0778601,0,-0.0189829,-5.50747e-05
2_1,Cyclic Voltammetry,1640.38,1.31809,1.31809,-0.0776467,0,-0.0190044,1.94311e-05
2_1,Cyclic Voltammetry,1641.38,1.31604,1.31604,-0.0771342,0,-0.0190258,-1.63317e-05
2_1,Cyclic Voltammetry,1642.37,1.3141,1.3141,-0.0765528,0,-0.019047,-0.000115871
2_1,Cyclic Voltammetry,1643.37,1.31216,1.31216,-0.0764148,0,-0.0190682,-3.26633e-05
2_1,Cyclic Voltammetry,1644.36,1.31016,1.31016,-0.0763463,0,-0.0190893,9.46522e-05
2_1,Cyclic Voltammetry,1645.36,1.30813,1.30813,-0.07602,0,-0.0191103,7.15256e-06
2_1,Cyclic Voltammetry,1646.35,1.3061,1.3061,-0.0760422,0,-0.0191314,-0.000117302
2_1,Cyclic Voltammetry,1647.35,1.30417,1.30417,-0.0760676,0,-0.0191524,-6.18696e-05
2_1,Cyclic Voltammetry,1648.34,1.30223,1.30223,-0.0759932,0,-0.0191734,0.000110984
2_1,Cyclic Voltammetry,1649.34,1.30026,1.30026,-0.0759542,0,-0.0191944,7.55787e-05
2_1,Cyclic Voltammetry,1650.33,1.29818,1.29818,-0.0753272,0,-0.0192153,-7.98702e-06
2_1,Cyclic Voltammetry,1651.33,1.29618,1.29618,-0.0752253,0,-0.0192361,-6.87838e-05
2_1,Cyclic Voltammetry,1652.33,1.29426,1.29426,-0.0749278,0,-0.0192569,-2.88486e-05
2_1,Cyclic Voltammetry,1653.32,1.29232,1.29232,-0.0748673,0,-0.0192776,2.90871e-05
2_1,Cyclic Voltammetry,1654.32,1.29031,1.29031,-0.0748285,0,-0.0192983,1.91927e-05
2_1,Cyclic Voltammetry,1655.31,1.28826,1.28826,-0.0748109,0,-0.019319,2.82526e-05
2_1,Cyclic Voltammetry,1656.31,1.28623,1.28623,-0.0745176,0,-0.0193396,-8.2016e-05
2_1,Cyclic Voltammetry,1657.3,1.28432,1.28432,-0.074461,0,-0.0193602,-5.75781e-05
2_1,Cyclic Voltammetry,1658.3,1.28241,1.28241,-0.0742229,0,-0.0193808,7.04527e-05
2_1,Cyclic Voltammetry,1659.29,1.28037,1.28037,-0.0741672,0,-0.0194013,8.73804e-05
2_1,Cyclic Voltammetry,1660.29,1.27833,1.27833,-0.0744009,0,-0.0194218,6.19888e-06
2_1,Cyclic Voltammetry,1661.28,1.27633,1.27633,-0.0743236,0,-0.0194424,-4.95911e-05
2_1,Cyclic Voltammetry,1662.28,1.2744,1.2744,-0.0741199,0,-0.0194629,-1.94311e-05
2_1,Cyclic Voltammetry,1663.28,1.27244,1.27244,-0.0740414,0,-0.0194834,6.22272e-05
2_1,Cyclic Voltammetry,1664.27,1.27045,1.27045,-0.0743671,0,-0.0195039,1.27554e-05
2_1,Cyclic Voltammetry,1665.27,1.26836,1.26836,-0.0743196,0,-0.0195245,-9.77516e-06
2_1,Cyclic Voltammetry,1666.26,1.26637,1.26637,-0.0742173,0,-0.019545,-4.26769e-05
2_1,Cyclic Voltammetry,1667.26,1.26446,1.26446,-0.0740122,0,-0.0195655,-4.49419e-05
2_1,Cyclic Voltammetry,1668.25,1.26251,1.26251,-0.0741108,0,-0.019586,-3.34978e-05
2_1,Cyclic Voltammetry,1669.25,1.26048,1.26048,-0.0738351,0,-0.0196064,2.13385e-05
2_1,Cyclic Voltammetry,1670.24,1.25841,1.25841,-0.0737472,0,-0.0196269,3.14713e-05
2_1,Cyclic Voltammetry,1671.24,1.25641,1.25641,-0.0737891,0,-0.0196472,-7.56979e-05
2_1,Cyclic Voltammetry,1672.23,1.25448,1.25448,-0.0734535,0,-0.0196676,-9.83477e-05
2_1,Cyclic Voltammetry,1673.23,1.25258,1.25258,-0.0735127,0,-0.0196879,4.86374e-05
2_1,Cyclic Voltammetry,1674.22,1.25053,1.25053,-0.0735617,0,-0.0197083,8.65459e-05
2_1,Cyclic Voltammetry,1675.22,1.24851,1.24851,-0.0735353,0,-0.0197286,3.46899e-05
2_1,Cyclic Voltammetry,1676.22,1.24649,1.24649,-0.0733292,0,-0.0197489,-7.62939e-06
2_1,Cyclic Voltammetry,1677.21,1.24458,1.24458,-0.0733812,0,-0.0197692,-3.3617e-05
2_1,Cyclic Voltammetry,1678.21,1.24263,1.24263,-0.0732356,0,-0.0197894,1.06096e-05
2_1,Cyclic Voltammetry,1679.2,1.24062,1.24062,-0.0742032,0,-0.0198098,3.52859e-05
2_1,Cyclic Voltammetry,1680.2,1.23853,1.23853,-0.0748431,0,-0.0198304,3.55244e-05
2_1,Cyclic Voltammetry,1681.19,1.23653,1.23653,-0.0738501,0,-0.019851,-5.34058e-05
2_1,Cyclic Voltammetry,1682.19,1.2346,1.2346,-0.0724196,0,-0.0198712,-0.000100374
2_1,Cyclic Voltammetry,1683.18,1.23266,1.23266,-0.0723993,0,-0.0198912,-5.56707e-05
2_1,Cyclic Voltammetry,1684.18,1.23066,1.23066,-0.0721046,0,-0.0199112,8.4877e-05
2_1,Cyclic Voltammetry,1685.17,1.2286,1.2286,-0.0718704,0,-0.0199311,7.62939e-06
2_1,Cyclic Voltammetry,1686.17,1.22661,1.22661,-0.0717582,0,-0.019951,-0.000105143
2_1,Cyclic Voltammetry,1687.16,1.2247,1.2247,-0.0715835,0,-0.0199708,-7.236e-05
2_1,Cyclic Voltammetry,1688.16,1.22277,1.22277,-0.0714367,0,-0.0199906,8.34465e-07
2_1,Cyclic Voltammetry,1689.16,1.2207,1.2207,-0.0712141,0,-0.0200103,-6.91414e-06
2_1,Cyclic Voltammetry,1690.15,1.21867,1.21867,-0.0709444,0,-0.0200299,-5.32866e-05
2_1,Cyclic Voltammetry,1691.15,1.21665,1.21665,-0.070644,0,-0.0200495,-4.88758e-06
2_1,Cyclic Voltammetry,1692.14,1.21473,1.21473,-0.0702784,0,-0.020069,-1.72853e-05
2_1,Cyclic Voltammetry,1693.14,1.2128,1.2128,-0.0698855,0,-0.0200884,8.22544e-06
2_1,Cyclic Voltammetry,1694.13,1.21078,1.21078,-0.0695657,0,-0.0201077,3.79086e-05
2_1,Cyclic Voltammetry,1695.13,1.20871,1.20871,-0.0693996,0,-0.0201269,5.28097e-05
2_1,Cyclic Voltammetry,1696.12,1.20671,1.20671,-0.0688763,0,-0.020146,-3.016e-05
2_1,Cyclic Voltammetry,1697.12,1.20477,1.20477,-0.0684893,0,-0.020165,-0.000108361
2_1,Cyclic Voltammetry,1698.11,1.20283,1.20283,-0.0679871,0,-0.0201838,-3.24249e-05
2_1,Cyclic Voltammetry,1699.11,1.20081,1.20081,-0.0676329,0,-0.0202026,4.52995e-05
2_1,Cyclic Voltammetry,1700.1,1.19874,1.19874,-0.0672111,0,-0.0202212,-7.98702e-06
2_1,Cyclic Voltammetry,1701.1,1.19674,1.19674,-0.0666643,0,-0.0202397,-0.000111699
2_1,Cyclic Voltammetry,1702.1,1.19482,1.19482,-0.0662566,0,-0.0202581,-6.6638e-05
2_1,Cyclic Voltammetry,1703.09,1.19286,1.19286,-0.0654522,0,-0.0202763,-2.46763e-05
2_1,Cyclic Voltammetry,1704.09,1.19085,1.19085,-0.0644904,0,-0.0202943,1.0848e-05
2_1,Cyclic Voltammetry,1705.08,1.18881,1.18881,-0.0627314,0,-0.0203119,5.00679e-06
2_1,Cyclic Voltammetry,1706.08,1.18687,1.18687,-0.0602895,0,-0.0203289,-1.15633e-05
2_1,Cyclic Voltammetry,1707.07,1.18496,1.18496,-0.0585914,0,-0.0203453,-8.85725e-05
2_1,Cyclic Voltammetry,1708.07,1.18301,1.18301,-0.0557852,0,-0.0203611,-1.85966e-05
2_1,Cyclic Voltammetry,1709.06,1.18097,1.18097,-0.0502921,0,-0.0203758,3.82662e-05
2_1,Cyclic Voltammetry,1710.06,1.17892,1.17892,-0.046112,0,-0.0203891,7.51019e-06
2_1,Cyclic Voltammetry,1711.05,1.17693,1.17693,-0.0431091,0,-0.0204015,-8.63075e-05
2_1,Cyclic Voltammetry,1712.05,1.17499,1.17499,-0.0409134,0,-0.0204131,-9.95398e-05
2_1,Cyclic Voltammetry,1713.05,1.17302,1.17302,-0.0393625,0,-0.0204242,-3.06368e-05
2_1,Cyclic Voltammetry,1714.04,1.17098,1.17098,-0.0378161,0,-0.0204348,4.80413e-05
2_1,Cyclic Voltammetry,1715.04,1.16891,1.16891,-0.0364349,0,-0.0204451,-3.0756e-05
2_1,Cyclic Voltammetry,1716.03,1.16692,1.16692,-0.0353916,0,-0.020455,-9.36985e-05
2_1,Cyclic Voltammetry,1717.03,1.16501,1.16501,-0.0345988,0,-0.0204647,-6.13928e-05
2_1,Cyclic Voltammetry,1718.02,1.16303,1.16303,-0.0339009,0,-0.0204742,-4.41074e-05
2_1,Cyclic Voltammetry,1719.02,1.16101,1.16101,-0.0333011,0,-0.0204835,1.00136e-05
2_1,Cyclic Voltammetry,1720.01,1.15894,1.15894,-0.0328784,0,-0.0204926,2.55108e-05
2_1,Cyclic Voltammetry,1721.01,1.15697,1.15697,-0.0323851,0,-0.0205017,-6.91414e-05
2_1,Cyclic Voltammetry,1722,1.15504,1.15504,-0.0320668,0,-0.0205106,-0.000152469
2_1,Cyclic Voltammetry,1723,1.15305,1.15305,-0.0317948,0,-0.0205194,-3.08752e-05
2_1,Cyclic Voltammetry,1723.99,1.15101,1.15101,-0.0315028,0,-0.0205281,4.30346e-05
2_1,Cyclic Voltammetry,1724.99,1.14895,1.14895,-0.0312344,0,-0.0205368,-2.38419e-05
2_1,Cyclic Voltammetry,1725.99,1.14698,1.14698,-0.0310451,0,-0.0205454,-8.74996e-05
2_1,Cyclic Voltammetry,1726.98,1.14507,1.14507,-0.0309191,0,-0.020554,-7.39098e-05
2_1,Cyclic Voltammetry,1727.98,1.14309,1.14309,-0.0307855,0,-0.0205625,-2.69413e-05
2_1,Cyclic Voltammetry,1728.97,1.14101,1.14101,-0.0307281,0,-0.020571,-2.26498e-05
2_1,Cyclic Voltammetry,1729.97,1.13896,1.13896,-0.0305684,0,-0.0205795,-7.30753e-05
2_1,Cyclic Voltammetry,1730.96,1.13701,1.13701,-0.0305166,0,-0.0205879,-4.68493e-05
2_1,Cyclic Voltammetry,1731.96,1.1351,1.1351,-0.0305501,0,-0.0205964,-0.000105143
2_1,Cyclic Voltammetry,1732.95,1.13309,1.13309,-0.0304367,0,-0.0206048,-7.98702e-05
2_1,Cyclic Voltammetry,1733.95,1.131,1.131,-0.0303907,0,-0.0206132,3.33786e-05
2_1,Cyclic Voltammetry,1734.94,1.12899,1.12899,-0.0303931,0,-0.0206216,2.95639e-05
2_1,Cyclic Voltammetry,1735.94,1.12704,1.12704,-0.0304395,0,-0.02063,-9.16719e-05
2_1,Cyclic Voltammetry,1736.93,1.1251,1.1251,-0.0304724,0,-0.0206385,-0.000103593
2_1,Cyclic Voltammetry,1737.93,1.12307,1.12307,-0.0305486,0,-0.0206469,9.53674e-06
2_1,Cyclic Voltammetry,1738.93,1.121,1.121,-0.0306105,0,-0.0206554,8.27312e-05
2_1,Cyclic Voltammetry,1739.92,1.11899,1.11899,-0.0306758,0,-0.0206638,-8.9407e-06
2_1,Cyclic Voltammetry,1740.92,1.11707,1.11707,-0.0308586,0,-0.0206723,-0.000117898
2_1,Cyclic Voltammetry,1741.91,1.11515,1.11515,-0.0308018,0,-0.0206809,-5.23329e-05
2_1,Cyclic Voltammetry,1742.91,1.1131,1.1131,-0.0309188,0,-0.0206894,-9.29832e-06
2_1,Cyclic Voltammetry,1743.9,1.11103,1.11103,-0.0310467,0,-0.020698,2.26498e-06
2_1,Cyclic Voltammetry,1744.9,1.10899,1.10899,-0.0311703,0,-0.0207066,-1.83582e-05
2_1,Cyclic Voltammetry,1745.89,1.10708,1.10708,-0.0312436,0,-0.0207152,-8.91685e-05
2_1,Cyclic Voltammetry,1746.89,1.10515,1.10515,-0.0314052,0,-0.0207239,-0.000120759
2_1,Cyclic Voltammetry,1747.88,1.10309,1.10309,-0.0316197,0,-0.0207326,-7.00951e-05
2_1,Cyclic Voltammetry,1748.88,1.10106,1.10106,-0.0316885,0,-0.0207413,8.82149e-06
2_1,Cyclic Voltammetry,1749.87,1.09902,1.09902,-0.0317527,0,-0.0207501,-2.90871e-05
2_1,Cyclic Voltammetry,1750.87,1.09712,1.09712,-0.0318901,0,-0.0207589,-0.00013864
2_1,Cyclic Voltammetry,1751.87,1.09518,1.09518,-0.0319554,0,-0.0207677,-0.000148892
2_1,Cyclic Voltammetry,1752.86,1.09315,1.09315,-0.0320515,0,-0.0207766,4.64916e-06
2_1,Cyclic Voltammetry,1753.86,1.09107,1.09107,-0.0321615,0,-0.0207854,0
2_1,Cyclic Voltammetry,1754.85,1.08907,1.08907,-0.0323023,0,-0.0207944,-0.000136852
2_1,Cyclic Voltammetry,1755.85,1.08718,1.08718,-0.0323243,0,-0.0208033,-0.000123501
2_1,Cyclic Voltammetry,1756.84,1.08519,1.08519,-0.0324343,0,-0.0208122,-8.80957e-05
2_1,Cyclic Voltammetry,1757.84,1.08316,1.08316,-0.032596,0,-0.0208212,-5.88894e-05
2_1,Cyclic Voltammetry,1758.83,1.08108,1.08108,-0.0327158,0,-0.0208303,-6.81877e-05
2_1,Cyclic Voltammetry,1759.83,1.07913,1.07913,-0.0329516,0,-0.0208393,-9.20296e-05
2_1,Cyclic Voltammetry,1760.82,1.07722,1.07722,-0.0329798,0,-0.0208485,-0.000123024
2_1,Cyclic Voltammetry,1761.82,1.07525,1.07525,-0.0331231,0,-0.0208576,-0.000139117
2_1,Cyclic Voltammetry,1762.82,1.07318,1.07318,-0.0332964,0,-0.0208668,-5.11408e-05
2_1,Cyclic Voltammetry,1763.81,1.07111,1.07111,-0.033561,0,-0.020876,3.33786e-06
2_1,Cyclic Voltammetry,1764.81,1.06914,1.06914,-0.0336233,0,-0.0208853,-8.28505e-05
2_1,Cyclic Voltammetry,1765.8,1.06722,1.06722,-0.0337809,0,-0.0208946,-0.000177741
2_1,Cyclic Voltammetry,1766.8,1.06526,1.06526,-0.0339067,0,-0.020904,-9.57251e-05
2_1,Cyclic Voltammetry,1767.79,1.06319,1.06319,-0.0340854,0,-0.0209134,-2.87294e-05
2_1,Cyclic Voltammetry,1768.79,1.06118,1.06118,-0.0342206,0,-0.0209228,-2.63453e-05
2_1,Cyclic Voltammetry,1769.78,1.05918,1.05918,-0.0343629,0,-0.0209323,-5.78165e-05
2_1,Cyclic Voltammetry,1770.78,1.05727,1.05727,-0.0345879,0,-0.0209418,-0.000108004
2_1,Cyclic Voltammetry,1771.77,1.0553,1.0553,-0.0346248,0,-0.0209514,-0.000157475
2_1,Cyclic Voltammetry,1772.77,1.05325,1.05325,-0.0347831,0,-0.020961,-6.83069e-05
2_1,Cyclic Voltammetry,1773.76,1.05121,1.05121,-0.0349223,0,-0.0209706,3.21865e-06
2_1,Cyclic Voltammetry,1774.76,1.04924,1.04924,-0.0350923,0,-0.0209803,-3.016e-05
2_1,Cyclic Voltammetry,1775.76,1.04731,1.04731,-0.0352521,0,-0.02099,-0.000128269
2_1,Cyclic Voltammetry,1776.75,1.04532,1.04532,-0.0354168,0,-0.0209998,-0.000154853
2_1,Cyclic Voltammetry,1777.75,1.04329,1.04329,-0.0356037,0,-0.0210096,-1.4782e-05
2_1,Cyclic Voltammetry,1778.74,1.04123,1.04123,-0.0356899,0,-0.0210195,-1.0848e-05
2_1,Cyclic Voltammetry,1779.74,1.03927,1.03927,-0.0358354,0,-0.0210294,-9.23872e-05
2_1,Cyclic Voltammetry,1780.73,1.03735,1.03735,-0.0359966,0,-0.0210393,-0.000119209
2_1,Cyclic Voltammetry,1781.73,1.03537,1.03537,-0.0360977,0,-0.0210493,-0.000116467
2_1,Cyclic Voltammetry,1782.72,1.03334,1.03334,-0.0363546,0,-0.0210593,-0.000108242
2_1,Cyclic Voltammetry,1783.72,1.03129,1.03129,-0.0364005,0,-0.0210693,-0.000105262
2_1,Cyclic Voltammetry,1784.71,1.0293,1.0293,-0.0364919,0,-0.0210794,-5.03063e-05
2_1,Cyclic Voltammetry,1785.71,1.0274,1.0274,-0.0377639,0,-0.0210897,-0.000116229
2_1,Cyclic Voltammetry,1786.7,1.02543,1.02543,-0.0369689,0,-0.0211,-0.000162244
2_1,Cyclic Voltammetry,1787.7,1.02337,1.02337,-0.0368634,0,-0.0211102,-0.000109911
2_1,Cyclic Voltammetry,1788.7,1.02133,1.02133,-0.0369641,0,-0.0211204,6.91414e-06
2_1,Cyclic Voltammetry,1789.69,1.01932,1.01932,-0.0371071,0,-0.0211307,-5.75781e-05
2_1,Cyclic Voltammetry,1790.69,1.0175,1.0175,-0.0371558,0,-0.0211409,-0.000156522
2_1,Cyclic Voltammetry,1791.68,1.01555,1.01555,-0.0373923,0,-0.0211513,-0.000149608
2_1,Cyclic Voltammetry,1792.68,1.01351,1.01351,-0.037556,0,-0.0211616,-6.05583e-05
2_1,Cyclic Voltammetry,1793.67,1.01143,1.01143,-0.0377178,0,-0.021172,-3.11136e-05
2_1,Cyclic Voltammetry,1794.67,1.00947,1.00947,-0.0378975,0,-0.0211825,-6.73532e-05
2_1,Cyclic Voltammetry,1795.66,1.00755,1.00755,-0.038011,0,-0.021193,-0.000123739
2_1,Cyclic Voltammetry,1796.66,1.00559,1.00559,-0.0381536,0,-0.0212035,-0.000131845
2_1,Cyclic Voltammetry,1797.65,1.00355,1.00355,-0.0382422,0,-0.0212141,-0.000138402
2_1,Cyclic Voltammetry,1798.65,1.00147,1.00147,-0.0383638,0,-0.0212247,-4.26769e-05
2_1,Cyclic Voltammetry,1799.15,0.999989,0.999989,-0.0385412,0,-0.02123,-8.9407e-06
